<project name="Dependency Import" default="dist" basedir=".">
    <!-- property file defining the component's dependencies
    <property name="jboss_home" value="${ext_libdir}/jboss/4.2.2.GA"/>
    <property name="jboss_config_name" value="default"/>-->

    <!-- Properties used in compile_targets ANT target for JDK version 5 -->
    <property name="component.target" value="1.5"/>
    <property name="component.bootclasspath" value="${java_1_5_bootclasspath}"/>

    <!-- TCS dependencies -->
    <property name="typesafe_enum.jar" value="${tcs_libdir}/typesafe_enum/1.1.0/typesafe_enum.jar"/>
    <property name="base_exception.jar" value="${tcs_libdir}/base_exception/2.0.0/base_exception.jar"/>
    <property name="logging_wrapper.jar" value="${tcs_libdir}/logging_wrapper/2.0.0/logging_wrapper.jar"/>
    <property name="object_formatter.jar" value="${tcs_libdir}/object_formatter/1.0.0/object_formatter.jar"/>

    <!-- 3rd party dependencies -->
    <property name="junit.jar" value="${ext_libdir}/junit/3.8.2/junit.jar"/>
    <property name="mockejb.jar" value="${ext_libdir}/mockejb/0.6/mockejb.jar"/>
    <property name="jdbc.informix.jar" value="${ext_libdir}/informix/1.4.1/ifxjdbc.jar"/>

    <property name="cglib.jar" value="${jboss_home}/server/${jboss_config_name}/lib/cglib.jar"/>
    <property name="dom4j.jar" value="${jboss_home}/server/${jboss_config_name}/lib/dom4j.jar"/>
    <property name="commons-collections.jar" value="${jboss_home}/server/${jboss_config_name}/lib/commons-collections.jar"/>
    <property name="hibernate3.jar" value="${jboss_home}/server/${jboss_config_name}/lib/hibernate3.jar"/>
    <property name="hibernate-annotations.jar" value="${jboss_home}/server/${jboss_config_name}/lib/hibernate-annotations.jar"/>
    <property name="hibernate-entitymanager.jar" value="${jboss_home}/server/${jboss_config_name}/lib/hibernate-entitymanager.jar"/>

    <property name="jboss-jaxws.jar" value="${jboss_home}/server/${jboss_config_name}/lib/jboss-jaxws.jar"/>
    <property name="log4j.jar" value="${jboss_home}/server/${jboss_config_name}/lib/log4j.jar"/>
    <property name="jaxb-api.jar" value="${ext_libdir}/jaxb/2.1.7/jaxb-api.jar"/>

    <property name="jboss-ejb3x.jar" value="${jboss_home}/client/jboss-ejb3x.jar"/>
    <property name="ejb3-persistence.jar" value="${jboss_home}/client/ejb3-persistence.jar"/>
    <property name="jbossall-client.jar" value="${jboss_home}/client/jbossall-client.jar"/>
    <property name="antlr.jar" value="${jboss_home}/client/antlr.jar"/>
    <property name="jbossws-client.jar" value="${jboss_home}/client/jbossws-client.jar"/>

    <property name="xercesImpl.jar" value="${jboss_home}/lib/endorsed/xercesImpl.jar"/>

    <path id="component.tcs-dependencies">
        <pathelement location="${base_exception.jar}"/>
        <pathelement location="${logging_wrapper.jar}"/>
        <pathelement location="${object_formatter.jar}"/>
        <pathelement location="${typesafe_enum.jar}"/>

    </path>

    <path id="component.3rdParty-dependencies">
        <pathelement location="${jboss-ejb3x.jar}"/>
        <pathelement location="${ejb3-persistence.jar}"/>
        <pathelement location="${jbossall-client.jar}"/>
        <pathelement location="${jboss-jaxws.jar}"/>
    <pathelement location="${jaxb-api.jar}"/>
    </path>

    <path id="component.test.3rdParty-dependencies">
        <pathelement location="${xercesImpl.jar}"/>
        <pathelement location="${antlr.jar}"/>
        <pathelement location="${jbossws-client.jar}"/>
        <pathelement location="${log4j.jar}"/>
        <pathelement location="${cglib.jar}"/>
        <pathelement location="${dom4j.jar}"/>
        <pathelement location="${commons-collections.jar}"/>
        <pathelement location="${hibernate3.jar}"/>
        <pathelement location="${hibernate-annotations.jar}"/>
        <pathelement location="${hibernate-entitymanager.jar}"/>
        <pathelement location="${junit.jar}"/>
        <pathelement location="${mockejb.jar}"/>
        <pathelement location="${jdbc.informix.jar}"/>
    </path>
</project>
