<?xml version="1.0" encoding="UTF-8"?>
<ejb-jar xmlns="http://java.sun.com/xml/ns/javaee"
         xmlns:xsi="http://www.w3.org/2001/XMLSchema-instance"
         xsi:schemaLocation="http://java.sun.com/xml/ns/javaee http://java.sun.com/xml/ns/javaee/ejb-jar_3_0.xsd"
         version="3.0">
    <enterprise-beans>
        

		<session>
            <ejb-name>UserServiceBean</ejb-name>
            <remote>com.topcoder.service.user.UserServiceRemote</remote>
			 <local>com.topcoder.service.user.UserServiceLocal</local>
            <ejb-class>com.topcoder.service.user.ejb.UserServiceBean</ejb-class>
            <session-type>Stateless</session-type>
            <transaction-type>Container</transaction-type>
            <env-entry>
                <env-entry-name>logName</env-entry-name>
                <env-entry-type>java.lang.String</env-entry-type>
                <env-entry-value>userService</env-entry-value>
            </env-entry>
			 <env-entry>
                <env-entry-name>unitName</env-entry-name>
                <env-entry-type>java.lang.String</env-entry-type>
                <env-entry-value>persistence/HibernateProjectPersistence</env-entry-value>
            </env-entry>
			
            <persistence-context-ref>
                <persistence-context-ref-name>persistence/HibernateProjectPersistence</persistence-context-ref-name>
                <persistence-unit-name>HibernateProjectPersistence</persistence-unit-name>                     
            </persistence-context-ref>
        </session>


    </enterprise-beans>
</ejb-jar>
