<?xml version="1.0"?>
<doc>
    <assembly>
        <name>Toro.TurfGuard.WebService</name>
    </assembly>
    <members>
        <member name="T:Toro.TurfGuard.WebService.AuthenticationException">
             <summary>
             This exception extends <see cref="T:Toro.TurfGuard.WebService.DeviceServiceException"/>.
             </summary>
            
             <remarks>
             It is used by the <see cref="T:Toro.TurfGuard.WebService.IDeviceService"/> to signal authentication failure.
             </remarks>
            
             <threadsafety>
             <para>
             This class is not thread safe.
             </para>
             </threadsafety>
            
             <author>argolite</author>
             <author>TCSDEVELOPER</author>
             <version>1.0</version>
             <copyright>Copyright (c) 2010, TopCoder, Inc. All rights reserved.</copyright>
        </member>
        <member name="T:Toro.TurfGuard.WebService.DeviceServiceException">
             <summary>
             This exception extends <see cref="T:TopCoder.Util.ExceptionManager.BaseException"/>.
             </summary>
            
             <remarks>
             It is used by the <see cref="T:Toro.TurfGuard.WebService.IDeviceService"/> to signal a general error. All other exceptions extend
             this exception.
             </remarks>
            
             <threadsafety>
             <para>
             This class is not thread safe.
             </para>
             </threadsafety>
            
             <author>argolite</author>
             <author>TCSDEVELOPER</author>
             <version>1.0</version>
             <copyright>Copyright (c) 2010, TopCoder, Inc. All rights reserved.</copyright>
        </member>
        <member name="M:Toro.TurfGuard.WebService.DeviceServiceException.#ctor">
            <summary>
            Initializes a new instance of the
            <see cref="T:Toro.TurfGuard.WebService.DeviceServiceException"/> class.
            </summary>
        </member>
        <member name="M:Toro.TurfGuard.WebService.DeviceServiceException.#ctor(System.String)">
             <summary>
             Initializes a new instance of the <see cref="T:Toro.TurfGuard.WebService.DeviceServiceException"/>
             class with a specified error message.
             </summary>
            
             <param name="message">A message that describes the error.</param>
        </member>
        <member name="M:Toro.TurfGuard.WebService.DeviceServiceException.#ctor(System.String,System.Exception)">
             <summary>
             Initializes a new instance of the <see cref="T:Toro.TurfGuard.WebService.DeviceServiceException"/>
             class with a specified error message and a reference to the inner exception
             that is the cause of this exception.
             </summary>
            
             <param name="message">The error message that explains the reason for the exception.</param>
             <param name="cause">The exception that is the cause of the current exception.</param>
        </member>
        <member name="M:Toro.TurfGuard.WebService.DeviceServiceException.#ctor(System.Runtime.Serialization.SerializationInfo,System.Runtime.Serialization.StreamingContext)">
             <summary>
             Initializes a new instance of the <see cref="T:Toro.TurfGuard.WebService.DeviceServiceException"/>
             class with serialized data.
             </summary>
            
             <param name="info">The object that holds the serialized object data.</param>
             <param name="context">The contextual information about the source or destination.</param>
        </member>
        <member name="M:Toro.TurfGuard.WebService.AuthenticationException.#ctor">
            <summary>
            Initializes a new instance of the
            <see cref="T:Toro.TurfGuard.WebService.AuthenticationException"/> class.
            </summary>
        </member>
        <member name="M:Toro.TurfGuard.WebService.AuthenticationException.#ctor(System.String)">
             <summary>
             Initializes a new instance of the <see cref="T:Toro.TurfGuard.WebService.AuthenticationException"/>
             class with a specified error message.
             </summary>
            
             <param name="message">A message that describes the error.</param>
        </member>
        <member name="M:Toro.TurfGuard.WebService.AuthenticationException.#ctor(System.String,System.Exception)">
             <summary>
             Initializes a new instance of the <see cref="T:Toro.TurfGuard.WebService.AuthenticationException"/>
             class with a specified error message and a reference to the inner exception
             that is the cause of this exception.
             </summary>
            
             <param name="message">The error message that explains the reason for the exception.</param>
             <param name="cause">The exception that is the cause of the current exception.</param>
        </member>
        <member name="M:Toro.TurfGuard.WebService.AuthenticationException.#ctor(System.Runtime.Serialization.SerializationInfo,System.Runtime.Serialization.StreamingContext)">
             <summary>
             Initializes a new instance of the <see cref="T:Toro.TurfGuard.WebService.AuthenticationException"/>
             class with serialized data.
             </summary>
            
             <param name="info">The object that holds the serialized object data.</param>
             <param name="context">The contextual information about the source or destination.</param>
        </member>
        <member name="T:Toro.TurfGuard.WebService.DeviceServiceConfigurationException">
             <summary>
             This exception extends <see cref="T:Toro.TurfGuard.WebService.DeviceServiceException"/>.
             </summary>
            
             <remarks>
             It is thrown by the service constructor if anything goes wrong during construction. Such errors would be
             missing configuration, missing required parameters, etc.
             </remarks>
            
             <threadsafety>
             <para>
             This class is not thread safe.
             </para>
             </threadsafety>
            
             <author>argolite</author>
             <author>TCSDEVELOPER</author>
             <version>1.0</version>
             <copyright>Copyright (c) 2010, TopCoder, Inc. All rights reserved.</copyright>
        </member>
        <member name="M:Toro.TurfGuard.WebService.DeviceServiceConfigurationException.#ctor">
            <summary>
            Initializes a new instance of the
            <see cref="T:Toro.TurfGuard.WebService.DeviceServiceConfigurationException"/> class.
            </summary>
        </member>
        <member name="M:Toro.TurfGuard.WebService.DeviceServiceConfigurationException.#ctor(System.String)">
             <summary>
             Initializes a new instance of the <see cref="T:Toro.TurfGuard.WebService.DeviceServiceConfigurationException"/>
             class with a specified error message.
             </summary>
            
             <param name="message">A message that describes the error.</param>
        </member>
        <member name="M:Toro.TurfGuard.WebService.DeviceServiceConfigurationException.#ctor(System.String,System.Exception)">
             <summary>
             Initializes a new instance of the <see cref="T:Toro.TurfGuard.WebService.DeviceServiceConfigurationException"/>
             class with a specified error message and a reference to the inner exception
             that is the cause of this exception.
             </summary>
            
             <param name="message">The error message that explains the reason for the exception.</param>
             <param name="cause">The exception that is the cause of the current exception.</param>
        </member>
        <member name="M:Toro.TurfGuard.WebService.DeviceServiceConfigurationException.#ctor(System.Runtime.Serialization.SerializationInfo,System.Runtime.Serialization.StreamingContext)">
             <summary>
             Initializes a new instance of the <see cref="T:Toro.TurfGuard.WebService.DeviceServiceConfigurationException"/>
             class with serialized data.
             </summary>
            
             <param name="info">The object that holds the serialized object data.</param>
             <param name="context">The contextual information about the source or destination.</param>
        </member>
        <member name="T:Toro.TurfGuard.WebService.IDeviceService">
             <summary>
             This is the interface of the WCF Service for managing devices, device groups, and getting device readings.
             </summary>
            
             <remarks>
             It's decorated by the <c>ServiceContract</c> attribute meaning its implementations will be hosted as
             WCF services.
             </remarks>
            
             <threadsafety>
             <para>
             Implementations are expected to be thread-safe.
             </para>
             </threadsafety>
            
             <author>argolite</author>
             <author>TCSDEVELOPER</author>
             <version>1.0</version>
             <copyright>Copyright (c) 2010, TopCoder, Inc. All rights reserved.</copyright>
        </member>
        <member name="M:Toro.TurfGuard.WebService.IDeviceService.AddDevice(System.String,System.String,System.Int32,System.String)">
             <summary>
             Adds the device in the <paramref name="input"/>.
             </summary>
            
             <param name="username">
             The username for the user.
             </param>
            
             <param name="password">
             The password for the user.
             </param>
            
             <param name="siteID">
             The ID of the site.
             </param>
            
             <param name="input">
             The XML with the device.
             </param>
            
             <exception cref="T:System.ServiceModel.FaultException`1">
             <para>If any error occurs, <see cref="T:TopCoder.Services.WCF.TCFaultException"/> will be created from:</para>
             <para><see cref="T:System.ArgumentNullException"/> if any string parameter is null.</para>
             <para><see cref="T:System.ArgumentException"/> if any string parameter is empty.</para>
             <para><see cref="T:Toro.TurfGuard.WebService.InvalidDataInputException"/> if there is some problem with the input XML.</para>
             <para><see cref="T:Toro.TurfGuard.WebService.AuthenticationException"/> if user cannot be authenticated.</para>
             <para><see cref="T:Toro.TurfGuard.WebService.DeviceServiceException"/> if some unknown error occurs, such as error
             in service call to a repository, etc.</para>
             </exception>
        </member>
        <member name="M:Toro.TurfGuard.WebService.IDeviceService.UpdateDevice(System.String,System.String,System.Int32,System.String)">
             <summary>
             Updates the device in the <paramref name="input"/>.
             </summary>
            
             <param name="username">
             The username for the user.
             </param>
            
             <param name="password">
             The password for the user.
             </param>
            
             <param name="siteID">
             The ID of the site.
             </param>
            
             <param name="input">
             The XML with the device.
             </param>
            
             <exception cref="T:System.ServiceModel.FaultException`1">
             <para>If any error occurs, <see cref="T:TopCoder.Services.WCF.TCFaultException"/> will be created from:</para>
             <para><see cref="T:System.ArgumentNullException"/> if any string parameter is null.</para>
             <para><see cref="T:System.ArgumentException"/> if any string parameter is empty.</para>
             <para><see cref="T:Toro.TurfGuard.WebService.InvalidDataInputException"/> if there is some problem with the input XML.</para>
             <para><see cref="T:Toro.TurfGuard.WebService.AuthenticationException"/> if user cannot be authenticated.</para>
             <para><see cref="T:Toro.TurfGuard.WebService.DeviceServiceException"/> if some unknown error occurs, such as error
             in service call to a repository, etc.</para>
             </exception>
        </member>
        <member name="M:Toro.TurfGuard.WebService.IDeviceService.GetAllDevices(System.String,System.String,System.Int32)">
             <summary>
             Gets all devices for the given <paramref name="siteID"/>.
             </summary>
            
             <param name="username">
             The username for the user.
             </param>
            
             <param name="password">
             The password for the user.
             </param>
            
             <param name="siteID">
             The ID of the site.
             </param>
            
             <returns>
             An XML string with the devices.
             </returns>
            
             <exception cref="T:System.ServiceModel.FaultException`1">
             <para>If any error occurs, <see cref="T:TopCoder.Services.WCF.TCFaultException"/> will be created from:</para>
             <para><see cref="T:System.ArgumentNullException"/> if any string parameter is null.</para>
             <para><see cref="T:System.ArgumentException"/> if any string parameter is empty.</para>
             <para><see cref="T:Toro.TurfGuard.WebService.AuthenticationException"/> if user cannot be authenticated.</para>
             <para><see cref="T:Toro.TurfGuard.WebService.DeviceServiceException"/> if some unknown error occurs, such as error
             in service call to a repository, etc.</para>
             </exception>
        </member>
        <member name="M:Toro.TurfGuard.WebService.IDeviceService.AddDeviceGroup(System.String,System.String,System.Int32,System.String)">
             <summary>
             Adds the device group in the <paramref name="input"/>.
             </summary>
            
             <param name="username">
             The username for the user.
             </param>
            
             <param name="password">
             The password for the user.
             </param>
            
             <param name="siteID">
             The ID of the site.
             </param>
            
             <param name="input">
             The XML with the device group.
             </param>
            
             <exception cref="T:System.ServiceModel.FaultException`1">
             <para>If any error occurs, <see cref="T:TopCoder.Services.WCF.TCFaultException"/> will be created from:</para>
             <para><see cref="T:System.ArgumentNullException"/> if any string parameter is null.</para>
             <para><see cref="T:System.ArgumentException"/> if any string parameter is empty.</para>
             <para><see cref="T:Toro.TurfGuard.WebService.InvalidDataInputException"/> if there is some problem with the input XML.</para>
             <para><see cref="T:Toro.TurfGuard.WebService.AuthenticationException"/> if user cannot be authenticated.</para>
             <para><see cref="T:Toro.TurfGuard.WebService.DeviceServiceException"/> if some unknown error occurs, such as error
             in service call to a repository, etc.</para>
             </exception>
        </member>
        <member name="M:Toro.TurfGuard.WebService.IDeviceService.UpdateDeviceGroup(System.String,System.String,System.Int32,System.String)">
             <summary>
             Updates the device group in the <paramref name="input"/>.
             </summary>
            
             <param name="username">
             The username for the user.
             </param>
            
             <param name="password">
             The password for the user.
             </param>
            
             <param name="siteID">
             The ID of the site.
             </param>
            
             <param name="input">
             The XML with the device group.
             </param>
            
             <exception cref="T:System.ServiceModel.FaultException`1">
             <para>If any error occurs, <see cref="T:TopCoder.Services.WCF.TCFaultException"/> will be created from:</para>
             <para><see cref="T:System.ArgumentNullException"/> if any string parameter is null.</para>
             <para><see cref="T:System.ArgumentException"/> if any string parameter is empty.</para>
             <para><see cref="T:Toro.TurfGuard.WebService.InvalidDataInputException"/> if there is some problem with the input XML.</para>
             <para><see cref="T:Toro.TurfGuard.WebService.AuthenticationException"/> if user cannot be authenticated.</para>
             <para><see cref="T:Toro.TurfGuard.WebService.DeviceServiceException"/> if some unknown error occurs, such as error
             in service call to a repository, etc.</para>
             </exception>
        </member>
        <member name="M:Toro.TurfGuard.WebService.IDeviceService.GetAllDeviceGroups(System.String,System.String,System.Int32,System.Int32)">
             <summary>
             Gets all device groups for the given <paramref name="siteID"/> and <paramref name="deviceGroupType"/>.
             </summary>
            
             <param name="username">
             The username for the user.
             </param>
            
             <param name="password">
             The password for the user.
             </param>
            
             <param name="siteID">
             The ID of the site.
             </param>
            
             <param name="deviceGroupType">
             The device group type.
             </param>
            
             <returns>
             The XML with the device groups.
             </returns>
            
             <exception cref="T:System.ServiceModel.FaultException`1">
             <para>If any error occurs, <see cref="T:TopCoder.Services.WCF.TCFaultException"/> will be created from:</para>
             <para><see cref="T:System.ArgumentNullException"/> if any string parameter is null.</para>
             <para><see cref="T:System.ArgumentException"/> if any string parameter is empty.</para>
             <para><see cref="T:Toro.TurfGuard.WebService.AuthenticationException"/> if user cannot be authenticated.</para>
             <para><see cref="T:Toro.TurfGuard.WebService.DeviceServiceException"/> if some unknown error occurs, such as error
             in service call to a repository, etc.</para>
             </exception>
        </member>
        <member name="M:Toro.TurfGuard.WebService.IDeviceService.GetDeviceReading(System.String,System.String,System.Int32,System.String,System.Int32,System.DateTime,System.DateTime,System.String)">
             <summary>
             Gets all device readings for the given parameters.
             </summary>
            
             <param name="username">
             The username for the user.
             </param>
            
             <param name="password">
             The password for the user.
             </param>
            
             <param name="siteID">
             The ID of the site.
             </param>
            
             <param name="input">
             The XML with the device or device group.
             </param>
            
             <param name="readingDepth">
             The reading depth id.
             </param>
            
             <param name="startDate">
             The start date of the search range.
             </param>
            
             <param name="endDate">
             The end date of the search range.
             </param>
            
             <param name="scale">
             The scale of the search.
             </param>
            
             <returns>
             The XML with the device readings.
             </returns>
            
             <exception cref="T:System.ServiceModel.FaultException`1">
             <para>If any error occurs, <see cref="T:TopCoder.Services.WCF.TCFaultException"/> will be created from:</para>
             <para><see cref="T:System.ArgumentNullException"/> if any string parameter is null.</para>
             <para><see cref="T:System.ArgumentException"/> if any string parameter is empty, if scale is not a
             valid value, or if start date is greater than end date.</para>
             <para><see cref="T:Toro.TurfGuard.WebService.InvalidDataInputException"/> if there is some problem with the input XML.</para>
             <para><see cref="T:Toro.TurfGuard.WebService.AuthenticationException"/> if user cannot be authenticated.</para>
             <para><see cref="T:Toro.TurfGuard.WebService.DeviceServiceException"/> if some unknown error occurs, such as error
             in service call to a repository, etc.</para>
             </exception>
        </member>
        <member name="T:Toro.TurfGuard.WebService.Impl.DeviceService">
             <summary>
             This class is the realization of the <see cref="T:Toro.TurfGuard.WebService.IDeviceService"/> that implements all methods.
             It mostly defers to existing client classes to perform the work.
             </summary>
            
             <remarks>
             <para>
             It uses a <see cref="T:TopCoder.Configuration.ApplicationConfiguration.WebApplicationConfigurationPersistenceProvider"/> to get to its custom configuration
             in the IIS web.config file. If there are errors during any operation, they are logged using the
             Logging Wrapper component.
             </para>
            
             <threadsafety>
             <para>
             This class is immutable and thread-safe.
             </para>
             </threadsafety>
            
             <example>
             Sample Configuration:
             <code>
             &lt;child name="device_service_configuration"&gt;
              &lt;properties&gt;
                  &lt;property name="user_repository_key" value="user_repository_key"
                     valueType="System.String" /&gt;
                  &lt;property name="authentication_service_key" value="authentication_service_key"
                     valueType="System.String" /&gt;
                  &lt;property name="device_repository_key" value="device_repository_key"
                     valueType="System.String" /&gt;
                  &lt;property name="device_group_repository_key" value="device_group_repository_key"
                     valueType="System.String" /&gt;
                  &lt;property name="device_install_repository_key" value="device_install_repository_key"
                     valueType="System.String" /&gt;
                  &lt;property name="reading_repository_key" value="reading_repository_key"
                     valueType="System.String" /&gt;
                  &lt;property name="xsd_directory" value="..\..\test_files"
                     valueType="System.String" /&gt;
              &lt;/properties&gt;
            
              &lt;children&gt;
                  &lt;child name="object_factory_configuration"&gt;
                      &lt;children&gt;
                          &lt;child name="object_1"&gt;
                              &lt;properties&gt;
                                  &lt;property name="name" value="user_repository_key" valueType="System.String" /&gt;
                              &lt;/properties&gt;
                              &lt;children&gt;
                                  &lt;child name="type_name"&gt;
                                      &lt;properties&gt;
                                          &lt;property name="value"
                                               value="Toro.TurfGuard.Common.Core.Domain.Impl.MockUserRepository,
                                                  Toro.TurfGuard.WebService.Test"
                                               valueType="System.String" /&gt;
                                      &lt;/properties&gt;
                                  &lt;/child&gt;
                              &lt;/children&gt;
                          &lt;/child&gt;
                          &lt;child name="object_2"&gt;
                              &lt;properties&gt;
                                  &lt;property name="name" value="authentication_service_key"
                                  valueType="System.String" /&gt;
                              &lt;/properties&gt;
                              &lt;children&gt;
                                  &lt;child name="type_name"&gt;
                                      &lt;properties&gt;
                                          &lt;property name="value"
                                               value="Toro.TurfGuard.Common.Core.Services.Impl.MockAuthenticationService,
                                                  Toro.TurfGuard.WebService.Test"
                                               valueType="System.String" /&gt;
                                      &lt;/properties&gt;
                                  &lt;/child&gt;
                              &lt;/children&gt;
                          &lt;/child&gt;
                          &lt;child name="object_3"&gt;
                              &lt;properties&gt;
                                  &lt;property name="name" value="device_repository_key" valueType="System.String" /&gt;
                              &lt;/properties&gt;
                              &lt;children&gt;
                                  &lt;child name="type_name"&gt;
                                      &lt;properties&gt;
                                          &lt;property name="value"
                                               value="Toro.TurfGuard.Common.Core.Domain.Impl.MockDeviceRepository,
                                                  Toro.TurfGuard.WebService.Test"
                                               valueType="System.String" /&gt;
                                      &lt;/properties&gt;
                                  &lt;/child&gt;
                              &lt;/children&gt;
                          &lt;/child&gt;
                          &lt;child name="object_4"&gt;
                              &lt;properties&gt;
                                  &lt;property name="name" value="device_group_repository_key"
                                  valueType="System.String" /&gt;
                              &lt;/properties&gt;
                              &lt;children&gt;
                                  &lt;child name="type_name"&gt;
                                      &lt;properties&gt;
                                          &lt;property name="value"
                                               value="Toro.TurfGuard.Common.Core.Domain.Impl.MockDeviceGroupRepository,
                                                  Toro.TurfGuard.WebService.Test"
                                               valueType="System.String" /&gt;
                                      &lt;/properties&gt;
                                  &lt;/child&gt;
                              &lt;/children&gt;
                          &lt;/child&gt;
                          &lt;child name="object_5"&gt;
                              &lt;properties&gt;
                                  &lt;property name="name" value="device_install_repository_key"
                                  valueType="System.String" /&gt;
                              &lt;/properties&gt;
                              &lt;children&gt;
                                  &lt;child name="type_name"&gt;
                                      &lt;properties&gt;
                                          &lt;property name="value"
                                               value="Toro.TurfGuard.Common.Core.Domain.Impl.MockDeviceInstallRepository,
                                                  Toro.TurfGuard.WebService.Test"
                                               valueType="System.String" /&gt;
                                      &lt;/properties&gt;
                                  &lt;/child&gt;
                              &lt;/children&gt;
                          &lt;/child&gt;
                          &lt;child name="object_6"&gt;
                              &lt;properties&gt;
                                  &lt;property name="name" value="reading_repository_key" valueType="System.String" /&gt;
                              &lt;/properties&gt;
                              &lt;children&gt;
                                  &lt;child name="type_name"&gt;
                                      &lt;properties&gt;
                                          &lt;property name="value"
                                               value="Toro.TurfGuard.Common.Core.Domain.Impl.MockReadingRepository,
                                                  Toro.TurfGuard.WebService.Test"
                                               valueType="System.String" /&gt;
                                      &lt;/properties&gt;
                                  &lt;/child&gt;
                              &lt;/children&gt;
                          &lt;/child&gt;
                      &lt;/children&gt;
                  &lt;/child&gt;
            
                  &lt;child name="logging_wrapper_configuration"&gt;
                      &lt;properties&gt;
                          &lt;property name="logger_class"
                             value="TopCoder.LoggingWrapper.Log4NETImpl" valueType="System.String" /&gt;
                          &lt;property name="config_file" value="..\..\test_files\log4net.config"
                             valueType="System.String" /&gt;
                          &lt;property name="logger_name" value="logger" valueType="System.String" /&gt;
                          &lt;property name="default_level" value="INFO" valueType="System.String" /&gt;
                          &lt;property name="source" value="UnitTests" valueType="System.String" /&gt;
                      &lt;/properties&gt;
                  &lt;/child&gt;
              &lt;/children&gt;
             &lt;/child&gt;
             </code>
             </example>
            
             Demo
             <code>
             public void DemoUsage()
             {
                 // the client to use for the demo
                 DeviceServiceClient client = null;
            
                 // create and open the service host using WCF technology
                 using (ServiceHost serviceHost =
                     new TCWcfServiceHost(typeof(DeviceService),
                         UnitTestHelper.CreateLogger(),
                         UnitTestHelper.CreateExceptionPublishManager()))
                 {
                     try
                     {
                         // open the service host
                         serviceHost.Open();
                         Console.WriteLine("Service host opened successfully...");
            
                         // create the client
                         client = new DeviceServiceClient();
            
                         // add devices, 2 devices for site 1 and 1 device for site 2
                         client.AddDevice("user1", "password1", 1, dataSet.GetXml());
                         dataSet.Tables[UnitTestHelper.TABLE_SENSOR_INFO].
                             Rows[0][UnitTestHelper.COLUMN_NODE_ID] = 2;
                         client.AddDevice("user1", "password1", 1, dataSet.GetXml());
                         dataSet.Tables[UnitTestHelper.TABLE_SENSOR_INFO].
                             Rows[0][UnitTestHelper.COLUMN_NODE_ID] = 3;
                         dataSet.Tables[UnitTestHelper.TABLE_SENSOR_INFO].
                             Rows[0][UnitTestHelper.COLUMN_HOLE_NUMBER] = 2;
                         dataSet.Tables[UnitTestHelper.TABLE_SENSOR_INFO].
                             Rows[0][UnitTestHelper.COLUMN_LOCATION_TYPE] = -2;
                         client.AddDevice("user1", "password1", 2, dataSet.GetXml());
            
                         // prepare for update
                         dataSet.Tables[UnitTestHelper.TABLE_SENSOR_INFO].
                             Rows[0][UnitTestHelper.COLUMN_HOLE_NUMBER] = 2;
                         dataSet.Tables[UnitTestHelper.TABLE_SENSOR_INFO].
                             Rows[0][UnitTestHelper.COLUMN_LOCATION_TYPE] = -2;
                         dataSet.Tables[UnitTestHelper.TABLE_SENSOR_INFO].
                             Rows[0][UnitTestHelper.COLUMN_IN_SERVICE] =
                             new DateTime(2012, 1, 1);
                         dataSet.Tables[UnitTestHelper.TABLE_SENSOR_INFO].
                             Rows[0][UnitTestHelper.COLUMN_X] = 150;
                         dataSet.Tables[UnitTestHelper.TABLE_SENSOR_INFO].
                             Rows[0][UnitTestHelper.COLUMN_Y] = 160;
                         dataSet.Tables[UnitTestHelper.TABLE_SENSOR_INFO].
                             Rows[0][UnitTestHelper.COLUMN_SERIAL_NUMBER] = "200";
            
                         // update the device
                         client.UpdateDevice("user1", "password1", 2, dataSet.GetXml());
            
                         // fetch devices for site 1
                         string xml = client.GetAllDevices("user1", "password1", 1);
                         DataSet resultDataSet = UnitTestHelper.ParseResultSet(xml);
                         Console.WriteLine("There were " +
                             resultDataSet.Tables[UnitTestHelper.TABLE_SENSOR_INFO].
                             Rows.Count + " devices fetched.");
            
                         // add device group
                         client.AddDeviceGroup("user1", "password1", 1, dataSet.GetXml());
            
                         // prepare for update
                         MockDeviceGroupRepository.DeviceGroupsForSite[1] =
                             new List&lt;DeviceGroup&gt;();
                         MockDeviceGroupRepository.DeviceGroupsForSite[1].Add(
                             MockDeviceGroupRepository.Repository["loc1"]);
                         dataSet.Tables[UnitTestHelper.TABLE_LOCATION_NAMES].
                             Rows[0][UnitTestHelper.COLUMN_OLD_NAME] = "loc1";
                         dataSet.Tables[UnitTestHelper.TABLE_LOCATION_NAMES].
                             Rows[0][UnitTestHelper.COLUMN_NAME] = "loc2";
            
                         // update device group
                         client.UpdateDeviceGroup("user1", "password1", 1, dataSet.GetXml());
            
                         // get the primary device groups for site 1
                         xml = client.GetAllDeviceGroups("user1", "password1", 1,
                             DeviceGroup.PRIMARY);
                         resultDataSet = UnitTestHelper.ParseResultSet(xml);
                         Console.WriteLine("There were " +
                             resultDataSet.Tables[UnitTestHelper.TABLE_LOCATION_NAMES].
                             Rows.Count + " device groups fetched.");
            
                         dataSet.Tables[UnitTestHelper.TABLE_LOCATION_NAMES].Rows.Clear();
            
                         // get real time readings on a device
                         xml = client.GetDeviceReading("user1", "password1", 1,
                             dataSet.GetXml(), 1,
                             new DateTime(2010, 1, 1, 0, 1, 0),
                             new DateTime(2010, 1, 1, 0, 2, 0),
                             "RealTime");
                         resultDataSet = UnitTestHelper.ParseResultSet(xml);
                         Console.WriteLine("There were " +
                             resultDataSet.Tables[UnitTestHelper.TABLE_MINUTELY_READINGS].
                             Rows.Count + " real time readings fetched.");
                     }
                     finally
                     {
                         if (client != null)
                         {
                             // close the client
                             try
                             {
                                 client.Close();
                             }
                             catch
                             {
                                 client.Abort();
                             }
                             Console.WriteLine("Client closed.");
                         }
            
                         // close the host
                         try
                         {
                             serviceHost.Close();
                         }
                         catch
                         {
                             serviceHost.Abort();
                         }
                         Console.WriteLine("Service host closed.");
            
                         Console.WriteLine("Demo complete.");
                     }
                 }
             }
             </code>
            
             </remarks>
            
             <author>argolite</author>
             <author>TCSDEVELOPER</author>
             <version>1.0</version>
             <copyright>Copyright (c) 2010, TopCoder, Inc. All rights reserved.</copyright>
        </member>
        <member name="F:Toro.TurfGuard.WebService.Impl.DeviceService.NAMESPACE">
            <summary>
            Represents the namespace used to retrieve the configuration object for this class in web.config.
            The configuration is expected to be stored in default configuration section.
            </summary>
        </member>
        <member name="F:Toro.TurfGuard.WebService.Impl.DeviceService.CONFIG_NAME">
            <summary>
            Represents the name of the configuration node under default configuration that contains
            the configuration used for this class.
            </summary>
        </member>
        <member name="F:Toro.TurfGuard.WebService.Impl.DeviceService.CONFIG_KEY_OBJECT_FACTORY_CONFIGURATION">
            <summary>
            Represents the configuration key for <c>object_factory_configuration</c>.
            </summary>
        </member>
        <member name="F:Toro.TurfGuard.WebService.Impl.DeviceService.CONFIG_KEY_LOGGING_WRAPPER_CONFIGURATION">
            <summary>
            Represents the configuration key for <c>logging_wrapper_configuration</c>.
            </summary>
        </member>
        <member name="F:Toro.TurfGuard.WebService.Impl.DeviceService.CONFIG_KEY_USER_REPOSITORY_KEY">
            <summary>
            Represents the configuration key for <c>user_repository_key</c>.
            </summary>
        </member>
        <member name="F:Toro.TurfGuard.WebService.Impl.DeviceService.CONFIG_KEY_AUTHENTICATION_SERVICE_KEY">
            <summary>
            Represents the configuration key for <c>authentication_service_key</c>.
            </summary>
        </member>
        <member name="F:Toro.TurfGuard.WebService.Impl.DeviceService.CONFIG_KEY_DEVICE_REPOSITORY_KEY">
            <summary>
            Represents the configuration key for <c>device_repository_key</c>.
            </summary>
        </member>
        <member name="F:Toro.TurfGuard.WebService.Impl.DeviceService.CONFIG_KEY_DEVICE_GROUP_REPOSITORY_KEY">
            <summary>
            Represents the configuration key for <c>device_group_repository_key</c>.
            </summary>
        </member>
        <member name="F:Toro.TurfGuard.WebService.Impl.DeviceService.CONFIG_KEY_DEVICE_INSTALL_REPOSITORY_KEY">
            <summary>
            Represents the configuration key for <c>device_install_repository_key</c>.
            </summary>
        </member>
        <member name="F:Toro.TurfGuard.WebService.Impl.DeviceService.CONFIG_KEY_READING_REPOSITORY_KEY">
            <summary>
            Represents the configuration key for <c>reading_repository_key</c>.
            </summary>
        </member>
        <member name="F:Toro.TurfGuard.WebService.Impl.DeviceService.CONFIG_KEY_XSD_DIRECTORY">
            <summary>
            Represents the configuration key for <c>xsd_directory</c>.
            </summary>
        </member>
        <member name="F:Toro.TurfGuard.WebService.Impl.DeviceService.SCHEMA_NAME">
            <summary>
            Represents the filename containing the schema used to configure the <see cref="F:Toro.TurfGuard.WebService.Impl.DeviceService.dataSetTemplate"/> data
            set in the constructor.
            </summary>
        </member>
        <member name="F:Toro.TurfGuard.WebService.Impl.DeviceService.SCALE_HOURLY">
            <summary>
            Represents the <c>Hourly</c> scale value.
            </summary>
        </member>
        <member name="F:Toro.TurfGuard.WebService.Impl.DeviceService.SCALE_REAL_TIME">
            <summary>
            Represents the <c>RealTime</c> scale value.
            </summary>
        </member>
        <member name="F:Toro.TurfGuard.WebService.Impl.DeviceService.SCALE_DAILY">
            <summary>
            Represents the <c>Daily</c> scale value.
            </summary>
        </member>
        <member name="F:Toro.TurfGuard.WebService.Impl.DeviceService.READING_TYPE_TEMP">
            <summary>
            Represents the <c>Temp</c> reading type.
            </summary>
        </member>
        <member name="F:Toro.TurfGuard.WebService.Impl.DeviceService.READING_TYPE_SALINITY">
            <summary>
            Represents the <c>Salinity</c> reading type.
            </summary>
        </member>
        <member name="F:Toro.TurfGuard.WebService.Impl.DeviceService.READING_TYPE_PERCENTAGE">
            <summary>
            Represents the <c>Percentage</c> reading type.
            </summary>
        </member>
        <member name="F:Toro.TurfGuard.WebService.Impl.DeviceService.TABLE_SENSOR_INFO">
            <summary>
            Represents table name for <c>sensorinfo</c>.
            </summary>
        </member>
        <member name="F:Toro.TurfGuard.WebService.Impl.DeviceService.TABLE_LOCATION_NAMES">
            <summary>
            Represents table name for <c>LocationNames</c>.
            </summary>
        </member>
        <member name="F:Toro.TurfGuard.WebService.Impl.DeviceService.TABLE_MINUTELY_READINGS">
            <summary>
            Represents table name for <c>MinutelyReadings</c>.
            </summary>
        </member>
        <member name="F:Toro.TurfGuard.WebService.Impl.DeviceService.TABLE_HOURLY_READINGS">
            <summary>
            Represents table name for <c>HourlyReadings</c>.
            </summary>
        </member>
        <member name="F:Toro.TurfGuard.WebService.Impl.DeviceService.TABLE_MULTI_HOURLY_READINGS">
            <summary>
            Represents table name for <c>MultiHourlyReadings</c>.
            </summary>
        </member>
        <member name="F:Toro.TurfGuard.WebService.Impl.DeviceService.COLUMN_READING_DT">
            <summary>
            Represents column name for <c>reading_dt</c>.
            </summary>
        </member>
        <member name="F:Toro.TurfGuard.WebService.Impl.DeviceService.COLUMN_READING_VAL">
            <summary>
            Represents column name for <c>reading_val</c>.
            </summary>
        </member>
        <member name="F:Toro.TurfGuard.WebService.Impl.DeviceService.COLUMN_NAME">
            <summary>
            Represents column name for <c>Name</c>.
            </summary>
        </member>
        <member name="F:Toro.TurfGuard.WebService.Impl.DeviceService.COLUMN_SERIAL_NUMBER">
            <summary>
            Represents column name for <c>SerialNumber</c>.
            </summary>
        </member>
        <member name="F:Toro.TurfGuard.WebService.Impl.DeviceService.COLUMN_NODE_ID">
            <summary>
            Represents column name for <c>NodeID</c>.
            </summary>
        </member>
        <member name="F:Toro.TurfGuard.WebService.Impl.DeviceService.COLUMN_X">
            <summary>
            Represents column name for <c>X</c>.
            </summary>
        </member>
        <member name="F:Toro.TurfGuard.WebService.Impl.DeviceService.COLUMN_Y">
            <summary>
            Represents column name for <c>Y</c>.
            </summary>
        </member>
        <member name="F:Toro.TurfGuard.WebService.Impl.DeviceService.COLUMN_IN_SERVICE">
            <summary>
            Represents column name for <c>InService</c>.
            </summary>
        </member>
        <member name="F:Toro.TurfGuard.WebService.Impl.DeviceService.COLUMN_LOCATION_TYPE">
            <summary>
            Represents column name for <c>LocationType</c>.
            </summary>
        </member>
        <member name="F:Toro.TurfGuard.WebService.Impl.DeviceService.COLUMN_HOLE_NUMBER">
            <summary>
            Represents column name for <c>HoleNumber</c>.
            </summary>
        </member>
        <member name="F:Toro.TurfGuard.WebService.Impl.DeviceService.COLUMN_TIME">
            <summary>
            Represents column name for <c>Time</c>.
            </summary>
        </member>
        <member name="F:Toro.TurfGuard.WebService.Impl.DeviceService.COLUMN_PERCENTAGE">
            <summary>
            Represents column name for <c>Percentage</c>.
            </summary>
        </member>
        <member name="F:Toro.TurfGuard.WebService.Impl.DeviceService.COLUMN_TEMP">
            <summary>
            Represents column name for <c>Temp</c>.
            </summary>
        </member>
        <member name="F:Toro.TurfGuard.WebService.Impl.DeviceService.COLUMN_SALT">
            <summary>
            Represents column name for <c>Salt</c>.
            </summary>
        </member>
        <member name="F:Toro.TurfGuard.WebService.Impl.DeviceService.COLUMN_ID">
            <summary>
            Represents column name for <c>ID</c>.
            </summary>
        </member>
        <member name="F:Toro.TurfGuard.WebService.Impl.DeviceService.COLUMN_OLD_NAME">
            <summary>
            Represents column name for <c>OldName</c>.
            </summary>
        </member>
        <member name="F:Toro.TurfGuard.WebService.Impl.DeviceService.logger">
             <summary>
             Represents the instance of the logger used for logging in this service.
             </summary>
            
             <remarks>
             It is set in the constructor and used in all public methods. It will not be null. Once
             set it will not be changed.
             </remarks>
        </member>
        <member name="F:Toro.TurfGuard.WebService.Impl.DeviceService.userRepository">
             <summary>
             Represents the user repository instance.
             </summary>
            
             <remarks>
             It is set in the constructor and used in the <c>AuthenticateUser</c> and <c>GetSite</c> methods.
             It will not be null. Once set it will not be changed.
             </remarks>
        </member>
        <member name="F:Toro.TurfGuard.WebService.Impl.DeviceService.authenticationService">
             <summary>
             Represents the authentication service instance.
             </summary>
            
             <remarks>
             It is set in the constructor and used in the <c>AuthenticateUser</c> method. It will not be null.
             Once set it will not be changed.
             </remarks>
        </member>
        <member name="F:Toro.TurfGuard.WebService.Impl.DeviceService.deviceRepository">
             <summary>
             Represents the device repository instance.
             </summary>
            
             <remarks>
             It is set in the constructor and used in all device management methods. It will not be null.
             Once set it will not be changed.
             </remarks>
        </member>
        <member name="F:Toro.TurfGuard.WebService.Impl.DeviceService.deviceGroupRepository">
             <summary>
             Represents the device group repository instance.
             </summary>
            
             <remarks>
             It is set in the constructor and used in all device group management methods. It will not be null.
             Once set it will not be changed.
             </remarks>
        </member>
        <member name="F:Toro.TurfGuard.WebService.Impl.DeviceService.deviceInstallRepository">
             <summary>
             Represents the device install repository instance.
             </summary>
            
             <remarks>
             It is set in the constructor and used in methods that deal with device installs. It will not be null.
             Once set it will not be changed.
             </remarks>
        </member>
        <member name="F:Toro.TurfGuard.WebService.Impl.DeviceService.readingRepository">
             <summary>
             Represents the device reading repository instance.
             </summary>
            
             <remarks>
             It is set in the constructor and used in the <c>GetDeviceReading</c> method. It will not be null.
             Once set it will not be changed.
             </remarks>
        </member>
        <member name="F:Toro.TurfGuard.WebService.Impl.DeviceService.dataSetTemplate">
             <summary>
             Represents the DataSet that will be the template for all data sets. It will be configured with the
             <c>ClientSchema</c> xsd file.
             </summary>
            
             <remarks>
             This template will allow the creation of the correctly configured data set to be done much faster.
             It is set in the constructor and used in all management methods. It will not be null.
             Once set it will not be changed.
             </remarks>
        </member>
        <member name="M:Toro.TurfGuard.WebService.Impl.DeviceService.#ctor">
             <summary>
             Default constructor which constructs a new instance of this class.
             </summary>
            
             <exception cref="T:Toro.TurfGuard.WebService.DeviceServiceConfigurationException">
             If any configuration error occurs, such as missing required configuration parameter, encountering
             invalid configuration parameter, or some other problem.
             </exception>
        </member>
        <member name="M:Toro.TurfGuard.WebService.Impl.DeviceService.AddDevice(System.String,System.String,System.Int32,System.String)">
             <summary>
             Adds the device in the <paramref name="input"/>.
             </summary>
            
             <param name="username">
             The username for the user.
             </param>
            
             <param name="password">
             The password for the user.
             </param>
            
             <param name="siteID">
             The ID of the site.
             </param>
            
             <param name="input">
             The XML with the device.
             </param>
            
             <exception cref="T:System.ServiceModel.FaultException`1">
             <para>If any error occurs, <see cref="T:TopCoder.Services.WCF.TCFaultException"/> will be created from:</para>
             <para><see cref="T:System.ArgumentNullException"/> if any string parameter is null.</para>
             <para><see cref="T:System.ArgumentException"/> if any string parameter is empty.</para>
             <para><see cref="T:Toro.TurfGuard.WebService.InvalidDataInputException"/> if there is some problem with the input XML.</para>
             <para><see cref="T:Toro.TurfGuard.WebService.AuthenticationException"/> if user cannot be authenticated.</para>
             <para><see cref="T:Toro.TurfGuard.WebService.DeviceServiceException"/> if some unknown error occurs, such as error
             in service call to a repository, etc.</para>
             </exception>
        </member>
        <member name="M:Toro.TurfGuard.WebService.Impl.DeviceService.UpdateDevice(System.String,System.String,System.Int32,System.String)">
             <summary>
             Updates the device in the <paramref name="input"/>.
             </summary>
            
             <param name="username">
             The username for the user.
             </param>
            
             <param name="password">
             The password for the user.
             </param>
            
             <param name="siteID">
             The ID of the site.
             </param>
            
             <param name="input">
             The XML with the device.
             </param>
            
             <exception cref="T:System.ServiceModel.FaultException`1">
             <para>If any error occurs, <see cref="T:TopCoder.Services.WCF.TCFaultException"/> will be created from:</para>
             <para><see cref="T:System.ArgumentNullException"/> if any string parameter is null.</para>
             <para><see cref="T:System.ArgumentException"/> if any string parameter is empty.</para>
             <para><see cref="T:Toro.TurfGuard.WebService.InvalidDataInputException"/> if there is some problem with the input XML.</para>
             <para><see cref="T:Toro.TurfGuard.WebService.AuthenticationException"/> if user cannot be authenticated.</para>
             <para><see cref="T:Toro.TurfGuard.WebService.DeviceServiceException"/> if some unknown error occurs, such as error
             in service call to a repository, etc.</para>
             </exception>
        </member>
        <member name="M:Toro.TurfGuard.WebService.Impl.DeviceService.GetAllDevices(System.String,System.String,System.Int32)">
             <summary>
             Gets all devices for the given <paramref name="siteID"/>.
             </summary>
            
             <param name="username">
             The username for the user.
             </param>
            
             <param name="password">
             The password for the user.
             </param>
            
             <param name="siteID">
             The ID of the site.
             </param>
            
             <returns>
             An XML string with the devices.
             </returns>
            
             <exception cref="T:System.ServiceModel.FaultException`1">
             <para>If any error occurs, <see cref="T:TopCoder.Services.WCF.TCFaultException"/> will be created from:</para>
             <para><see cref="T:System.ArgumentNullException"/> if any string parameter is null.</para>
             <para><see cref="T:System.ArgumentException"/> if any string parameter is empty.</para>
             <para><see cref="T:Toro.TurfGuard.WebService.AuthenticationException"/> if user cannot be authenticated.</para>
             <para><see cref="T:Toro.TurfGuard.WebService.DeviceServiceException"/> if some unknown error occurs, such as error
             in service call to a repository, etc.</para>
             </exception>
        </member>
        <member name="M:Toro.TurfGuard.WebService.Impl.DeviceService.AddDeviceGroup(System.String,System.String,System.Int32,System.String)">
             <summary>
             Adds the device group in the <paramref name="input"/>.
             </summary>
            
             <param name="username">
             The username for the user.
             </param>
            
             <param name="password">
             The password for the user.
             </param>
            
             <param name="siteID">
             The ID of the site.
             </param>
            
             <param name="input">
             The XML with the device group.
             </param>
            
             <exception cref="T:System.ServiceModel.FaultException`1">
             <para>If any error occurs, <see cref="T:TopCoder.Services.WCF.TCFaultException"/> will be created from:</para>
             <para><see cref="T:System.ArgumentNullException"/> if any string parameter is null.</para>
             <para><see cref="T:System.ArgumentException"/> if any string parameter is empty.</para>
             <para><see cref="T:Toro.TurfGuard.WebService.InvalidDataInputException"/> if there is some problem with the input XML.</para>
             <para><see cref="T:Toro.TurfGuard.WebService.AuthenticationException"/> if user cannot be authenticated.</para>
             <para><see cref="T:Toro.TurfGuard.WebService.DeviceServiceException"/> if some unknown error occurs, such as error
             in service call to a repository, etc.</para>
             </exception>
        </member>
        <member name="M:Toro.TurfGuard.WebService.Impl.DeviceService.UpdateDeviceGroup(System.String,System.String,System.Int32,System.String)">
             <summary>
             Updates the device group in the <paramref name="input"/>.
             </summary>
            
             <param name="username">
             The username for the user.
             </param>
            
             <param name="password">
             The password for the user.
             </param>
            
             <param name="siteID">
             The ID of the site.
             </param>
            
             <param name="input">
             The XML with the device group.
             </param>
            
             <exception cref="T:System.ServiceModel.FaultException`1">
             <para>If any error occurs, <see cref="T:TopCoder.Services.WCF.TCFaultException"/> will be created from:</para>
             <para><see cref="T:System.ArgumentNullException"/> if any string parameter is null.</para>
             <para><see cref="T:System.ArgumentException"/> if any string parameter is empty.</para>
             <para><see cref="T:Toro.TurfGuard.WebService.InvalidDataInputException"/> if there is some problem with the input XML.</para>
             <para><see cref="T:Toro.TurfGuard.WebService.AuthenticationException"/> if user cannot be authenticated.</para>
             <para><see cref="T:Toro.TurfGuard.WebService.DeviceServiceException"/> if some unknown error occurs, such as error
             in service call to a repository, etc.</para>
             </exception>
        </member>
        <member name="M:Toro.TurfGuard.WebService.Impl.DeviceService.GetAllDeviceGroups(System.String,System.String,System.Int32,System.Int32)">
             <summary>
             Gets all device groups for the given <paramref name="siteID"/> and <paramref name="deviceGroupType"/>.
             </summary>
            
             <param name="username">
             The username for the user.
             </param>
            
             <param name="password">
             The password for the user.
             </param>
            
             <param name="siteID">
             The ID of the site.
             </param>
            
             <param name="deviceGroupType">
             The device group type.
             </param>
            
             <returns>
             The XML with the device groups.
             </returns>
            
             <exception cref="T:System.ServiceModel.FaultException`1">
             <para>If any error occurs, <see cref="T:TopCoder.Services.WCF.TCFaultException"/> will be created from:</para>
             <para><see cref="T:System.ArgumentNullException"/> if any string parameter is null.</para>
             <para><see cref="T:System.ArgumentException"/> if any string parameter is empty.</para>
             <para><see cref="T:Toro.TurfGuard.WebService.AuthenticationException"/> if user cannot be authenticated.</para>
             <para><see cref="T:Toro.TurfGuard.WebService.DeviceServiceException"/> if some unknown error occurs, such as error
             in service call to a repository, etc.</para>
             </exception>
        </member>
        <member name="M:Toro.TurfGuard.WebService.Impl.DeviceService.GetDeviceReading(System.String,System.String,System.Int32,System.String,System.Int32,System.DateTime,System.DateTime,System.String)">
             <summary>
             Gets all device readings for the given parameters.
             </summary>
            
             <param name="username">
             The username for the user.
             </param>
            
             <param name="password">
             The password for the user.
             </param>
            
             <param name="siteID">
             The ID of the site.
             </param>
            
             <param name="input">
             The XML with the device or device group.
             </param>
            
             <param name="readingDepth">
             The reading depth id.
             </param>
            
             <param name="startDate">
             The start date of the search range.
             </param>
            
             <param name="endDate">
             The end date of the search range.
             </param>
            
             <param name="scale">
             The scale of the search.
             </param>
            
             <returns>
             The XML with the device readings.
             </returns>
            
             <exception cref="T:System.ServiceModel.FaultException`1">
             <para>If any error occurs, <see cref="T:TopCoder.Services.WCF.TCFaultException"/> will be created from:</para>
             <para><see cref="T:System.ArgumentNullException"/> if any string parameter is null.</para>
             <para><see cref="T:System.ArgumentException"/> if any string parameter is empty, or if scale is not exactly
             <c>Hourly</c>, <c>RealTime</c>, or <c>Daily</c>, or if start date is greater than end date.</para>
             <para><see cref="T:Toro.TurfGuard.WebService.InvalidDataInputException"/> if there is some problem with the input XML.</para>
             <para><see cref="T:Toro.TurfGuard.WebService.AuthenticationException"/> if user cannot be authenticated.</para>
             <para><see cref="T:Toro.TurfGuard.WebService.DeviceServiceException"/> if some unknown error occurs, such as error
             in service call to a repository, etc.</para>
             </exception>
        </member>
        <member name="M:Toro.TurfGuard.WebService.Impl.DeviceService.AuthenticateUser(System.String,System.String,System.Int32)">
             <summary>
             Authenticate the user and password info.
             </summary>
            
             <param name="username">
             The username for the user.
             </param>
            
             <param name="password">
             The password for the user.
             </param>
            
             <param name="siteID">
             The ID of the site.
             </param>
            
             <exception cref="T:System.ArgumentNullException">
             If any string argument is null.
             </exception>
            
             <exception cref="T:System.ArgumentException">
             If any string argument is empty.
             </exception>
            
             <exception cref="T:Toro.TurfGuard.WebService.AuthenticationException">
             If authentication fails for user, or some unknown error occurs.
             </exception>
            
             <exception cref="T:Toro.TurfGuard.WebService.InvalidDataInputException">
             If site can't be found for user.
             </exception>
        </member>
        <member name="M:Toro.TurfGuard.WebService.Impl.DeviceService.ReadDataSet(System.String)">
             <summary>
             Reads the XML <paramref name="input"/> into a DataSet instance.
             </summary>
            
             <param name="input">
             The XML string to load to the DataSet instance.
             </param>
            
             <returns>
             The DataSet from the XML string.
             </returns>
            
             <exception cref="T:Toro.TurfGuard.WebService.InvalidDataInputException">
             If there is an error while reading the string into a DataSet.
             </exception>
            
             <exception cref="T:System.ArgumentNullException">
             If the argument is null.
             </exception>
            
             <exception cref="T:System.ArgumentException">
             If the argument is empty.
             </exception>
        </member>
        <member name="M:Toro.TurfGuard.WebService.Impl.DeviceService.WriteDataSet(System.Data.DataSet)">
             <summary>
             Writes the <paramref name="dataSet"/> into an XML string.
             </summary>
            
             <param name="dataSet">
             The DataSet to write to the XML string.
             </param>
            
             <returns>
             The XML string from the DataSet.
             </returns>
            
             <exception cref="T:System.ArgumentNullException">
             If the argument is null.
             </exception>
            
             <exception cref="T:Toro.TurfGuard.WebService.DeviceServiceException">
             If there is an error while writing the data set into an XML string.
             </exception>
        </member>
        <member name="M:Toro.TurfGuard.WebService.Impl.DeviceService.GetSite(System.String,System.Int32)">
             <summary>
             Helper method to get the Site instance for the user and the site ID.
             </summary>
            
             <param name="username">
             The username.
             </param>
            
             <param name="siteID">
             The ID of the site.
             </param>
            
             <returns>
             The site instance.
             </returns>
            
             <exception cref="T:Toro.TurfGuard.WebService.DeviceServiceException">
             If there are any errors while executing this method, which in this case would result from the
             userRepository throwing an exception.
             </exception>
        </member>
        <member name="M:Toro.TurfGuard.WebService.Impl.DeviceService.GetStringAttribute(TopCoder.Configuration.IConfiguration,System.String)">
             <summary>
             Gets the string attribute from the given configuration object and returns it as a string.
             </summary>
            
             <param name="configuration">The configuration object from which to fetch the attribute.</param>
            
             <param name="name">The attribute name.</param>
            
             <returns>The attribute value as a string.</returns>
            
             <exception cref="T:Toro.TurfGuard.WebService.DeviceServiceConfigurationException">
             If the attribute is <c>null</c> or is not a string object, or if it is not present in the configuration,
             or if any other errors occur when fetching the attribute.
             </exception>
        </member>
        <member name="M:Toro.TurfGuard.WebService.Impl.DeviceService.CreateObject``1(TopCoder.Util.ObjectFactory.ObjectFactory,TopCoder.Configuration.IConfiguration,System.String)">
             <summary>
             Creates an object of type <typeparamref name="T"/> using the given <paramref name="key"/> from
             the passed in <paramref name="config"/>.
             </summary>
            
             <typeparam name="T">The type of object to create.</typeparam>
            
             <param name="objFactory">The <see cref="T:TopCoder.Util.ObjectFactory.ObjectFactory"/> instance used to create
             the object.</param>
            
             <param name="config">The <see cref="T:TopCoder.Configuration.IConfiguration"/> which contains the information required to
             create the object.</param>
            
             <param name="key">The key from the <paramref name="config"/> to use when creating the object.</param>
            
             <returns>The created object of type <typeparamref name="T"/>.</returns>
            
             <exception cref="T:Toro.TurfGuard.WebService.DeviceServiceConfigurationException">If the object was not created
             successfully or if the <paramref name="key"/> was not present in the configuration.</exception>
        </member>
        <member name="M:Toro.TurfGuard.WebService.Impl.DeviceService.GetRequiredChildConfiguration(TopCoder.Configuration.IConfiguration,System.String)">
             <summary>
             Retrieves the required child configuration from the given <paramref name="config"/>.
             </summary>
            
             <param name="config">The configuration from which to retrieve the child node.</param>
             <param name="childName">The required child name from the configuration.</param>
            
             <returns>
             The required child configuration.
             </returns>
            
             <exception cref="T:Toro.TurfGuard.WebService.DeviceServiceConfigurationException">If the required child node does not
             exist in the configuration.</exception>
        </member>
        <member name="M:Toro.TurfGuard.WebService.Impl.DeviceService.WriteToLog(TopCoder.LoggingWrapper.Logger,TopCoder.LoggingWrapper.Level,System.String,System.Object[])">
             <summary>
             A generic method which handles writing to the logger.
             </summary>
            
             <remarks>
             Any exceptions that occur in this method will be ignored.
             </remarks>
            
             <param name="logger">The logger object.</param>
            
             <param name="level">The log level.</param>
            
             <param name="logMessage">The message to be logged.</param>
            
             <param name="parameters">The log parameters.</param>
        </member>
        <member name="M:Toro.TurfGuard.WebService.Impl.DeviceService.LogMethodEntry(TopCoder.LoggingWrapper.Logger,System.Reflection.MethodBase,System.DateTime,System.Object[])">
             <summary>
             Logs method entry and parameters at DEBUG level.
             </summary>
            
             <param name="logger">The logger object.</param>
            
             <param name="methodBase">The method base for the method we are logging.</param>
            
             <param name="methodEntryTime">The <see cref="T:System.DateTime"/> representing when the method was entered.</param>
            
             <param name="parameters">The method parameters.</param>
        </member>
        <member name="M:Toro.TurfGuard.WebService.Impl.DeviceService.LogMethodExit``1(TopCoder.LoggingWrapper.Logger,System.Reflection.MethodBase,``0,System.DateTime)">
             <summary>
             Logs method exit and return value at DEBUG level. Also logs the elapsed time in milliseconds for the method
             execution.
             </summary>
            
             <param name="logger">The logger object.</param>
            
             <param name="methodBase">The method base for the method we are logging.</param>
            
             <param name="returnValue">The method return value.</param>
            
             <param name="methodEntryTime">The <see cref="T:System.DateTime"/> that the method was originally
             entered.</param>
            
             <typeparam name="T">The type of the return value.</typeparam>
        </member>
        <member name="M:Toro.TurfGuard.WebService.Impl.DeviceService.LogMethodExit(TopCoder.LoggingWrapper.Logger,System.Reflection.MethodBase,System.DateTime)">
             <summary>
             Logs method exit at DEBUG level. Also logs the elapsed time in milliseconds for the method
             execution.
             </summary>
            
             <param name="logger">The logger object.</param>
            
             <param name="methodBase">The method base for the method we are logging.</param>
            
             <param name="methodEntryTime">The <see cref="T:System.DateTime"/> that the method was originally
             entered.</param>
        </member>
        <member name="M:Toro.TurfGuard.WebService.Impl.DeviceService.LogException(TopCoder.LoggingWrapper.Logger,System.Reflection.MethodBase,System.Exception)">
             <summary>
             Logs the given exception at ERROR level.
             </summary>
            
             <param name="logger">The logger object.</param>
            
             <param name="methodBase">The method base for the method we are logging.</param>
            
             <param name="ex">The exception to be logged and re-thrown.</param>
        </member>
        <member name="M:Toro.TurfGuard.WebService.Impl.DeviceService.GetObjectDescription(System.Object)">
             <summary>
             Gets the description for the object.
             </summary>
            
             <param name="obj">The object for which to get the description.</param>
            
             <returns>The object description.</returns>
        </member>
        <member name="M:Toro.TurfGuard.WebService.Impl.DeviceService.WrapAndLogException(System.Reflection.MethodBase,System.Exception,System.String)">
             <summary>
             Wraps the exception into <see cref="T:Toro.TurfGuard.WebService.DeviceServiceException"/> if necessary, then wraps it into
             <see cref="T:System.ServiceModel.FaultException`1"/>. Also logs the exception.
             </summary>
            
             <param name="methodBase">The method base for the method that threw exception.</param>
            
             <param name="e">The exception to wrap and log.</param>
            
             <param name="msg">The message to use when wrapping the exception into
             <see cref="T:Toro.TurfGuard.WebService.DeviceServiceException"/>.</param>
            
             <returns>The wrapped exception.</returns>
        </member>
        <member name="M:Toro.TurfGuard.WebService.Impl.DeviceService.ValidateNotNull(System.Object,System.String)">
             <summary>
             Validates that <paramref name="value"/> is not null.
             </summary>
            
             <param name="value">The object to validate.</param>
            
             <param name="name">The variable name of the object.</param>
            
             <exception cref="T:System.ArgumentNullException">If <paramref name="value"/> is null.</exception>
        </member>
        <member name="M:Toro.TurfGuard.WebService.Impl.DeviceService.ValidateColumnValue(System.Data.DataRow,System.String)">
             <summary>
             Validates that the column value for given <paramref name="row"/> and
             <paramref name="columnName"/> is not null and if it's a string value, not empty.
             </summary>
            
             <param name="row">The data row.</param>
            
             <param name="columnName">The column name in the data row.</param>
            
             <exception cref="T:Toro.TurfGuard.WebService.InvalidDataInputException">If the column value is null or empty string (for string
             columns).</exception>
        </member>
        <member name="M:Toro.TurfGuard.WebService.Impl.DeviceService.ValidateNotNullOrEmpty(System.String,System.String)">
             <summary>
             Validates that a string is not null or empty.
             </summary>
            
             <param name="value">The string to validate.</param>
            
             <param name="name">The name of the string.</param>
            
             <exception cref="T:System.ArgumentNullException">If <paramref name="value"/> is null.</exception>
            
             <exception cref="T:System.ArgumentException">If <paramref name="value"/> is empty after trimming.</exception>
        </member>
        <member name="M:Toro.TurfGuard.WebService.Impl.DeviceService.GetRowFromDataSet(System.Data.DataSet,System.String)">
             <summary>
             Returns the single row from data set for given <paramref name="tableName"/>.
             </summary>
            
             <param name="dataSet">The data set.</param>
            
             <param name="tableName">The table name from which to fetch the single row.</param>
            
             <returns>
             The data row from the data set.
             </returns>
            
             <exception cref="T:Toro.TurfGuard.WebService.InvalidDataInputException">If the data set does not contain single row for
             table.</exception>
        </member>
        <member name="M:Toro.TurfGuard.WebService.Impl.DeviceService.BuildDeviceInstallFromSensorInfoRow(Toro.TurfGuard.Common.Core.Domain.Model.DeviceInstall,System.Data.DataRow,Toro.TurfGuard.Common.Core.Domain.Model.Site)">
             <summary>
             Populates a <see cref="T:Toro.TurfGuard.Common.Core.Domain.Model.DeviceInstall"/> object from the <paramref name="sensorInfoRow"/>.
             </summary>
            
             <remarks>
             If any error occurs other than invalid input data, it will be handled by caller.
             </remarks>
            
             <param name="deviceInstall">The <see cref="T:Toro.TurfGuard.Common.Core.Domain.Model.DeviceInstall"/> instance to populate. It will be null in
             case of an add operation, and this method will create the instance.</param>
            
             <param name="sensorInfoRow">The sensor input row.</param>
            
             <param name="site">The site.</param>
            
             <returns>The populated <see cref="T:Toro.TurfGuard.Common.Core.Domain.Model.DeviceInstall"/> object.</returns>
            
             <exception cref="T:Toro.TurfGuard.WebService.InvalidDataInputException">
             If there is some problem while processing the sensor info row, such as having a null value
             for a required field, etc.</exception>
        </member>
        <member name="M:Toro.TurfGuard.WebService.Impl.DeviceService.BuildDeviceFromSensorInfoRow(System.Data.DataRow,Toro.TurfGuard.Common.Core.Domain.Model.Site)">
             <summary>
             Populates a <see cref="T:Toro.TurfGuard.Common.Core.Domain.Model.Device"/> object from the <paramref name="sensorInfoRow"/>.
             </summary>
            
             <param name="sensorInfoRow">The sensor input row.</param>
            
             <param name="site">The site.</param>
            
             <returns>The populated <see cref="T:Toro.TurfGuard.Common.Core.Domain.Model.Device"/> object.</returns>
            
             <exception cref="T:Toro.TurfGuard.WebService.InvalidDataInputException">
             If there is some problem while processing the sensor info row, such as having a null value
             for a required field, etc.
             </exception>
        </member>
        <member name="M:Toro.TurfGuard.WebService.Impl.DeviceService.BuildDeviceGroupFromLocationNamesRow(System.Data.DataRow)">
             <summary>
             Populates a <see cref="T:Toro.TurfGuard.Common.Core.Domain.Model.DeviceGroup"/> object from the <paramref name="locationNamesRow"/>.
             </summary>
            
             <param name="locationNamesRow">The sensor input row.</param>
            
             <returns>The populated <see cref="T:Toro.TurfGuard.Common.Core.Domain.Model.DeviceGroup"/> object.</returns>
            
             <exception cref="T:Toro.TurfGuard.WebService.InvalidDataInputException">
             If there is some problem while processing the location names row.
             </exception>
        </member>
        <member name="M:Toro.TurfGuard.WebService.Impl.DeviceService.GetCurrentDeviceInstall(Toro.TurfGuard.Common.Core.Domain.Model.Device)">
             <summary>
             Gets the current device install for the given <paramref name="device"/>.
             </summary>
            
             <remarks>
             If any error occurs other than not being able to find current device install,
             it will be handled by caller.
             </remarks>
            
             <param name="device">The device.</param>
            
             <returns>The current device install for the given <paramref name="device"/></returns>
            
             <exception cref="T:Toro.TurfGuard.WebService.DeviceServiceException">If current device install could not be found.</exception>
        </member>
        <member name="M:Toro.TurfGuard.WebService.Impl.DeviceService.GetReadingVal(System.DateTime,System.Data.DataTable)">
             <summary>
             Gets the reading value from the given <paramref name="table"/>.
             </summary>
            
             <param name="readingDate">The date to use when searching the table.</param>
            
             <param name="table">The table containing the reading value.</param>
            
             <returns>The matching reading value.</returns>
            
             <exception cref="T:Toro.TurfGuard.WebService.DeviceServiceException">If no matching row could be found
             in <paramref name="table"/> or if some other error occurs getting reading value.</exception>
        </member>
        <member name="T:Toro.TurfGuard.WebService.InvalidDataInputException">
             <summary>
             This exception extends <see cref="T:Toro.TurfGuard.WebService.DeviceServiceException"/>.
             </summary>
            
             <remarks>
             It is used by the <see cref="T:Toro.TurfGuard.WebService.IDeviceService"/> to signal that the data input is not valid.
             </remarks>
            
             <threadsafety>
             <para>
             This class is not thread safe.
             </para>
             </threadsafety>
            
             <author>argolite</author>
             <author>TCSDEVELOPER</author>
             <version>1.0</version>
             <copyright>Copyright (c) 2010, TopCoder, Inc. All rights reserved.</copyright>
        </member>
        <member name="M:Toro.TurfGuard.WebService.InvalidDataInputException.#ctor">
            <summary>
            Initializes a new instance of the
            <see cref="T:Toro.TurfGuard.WebService.InvalidDataInputException"/> class.
            </summary>
        </member>
        <member name="M:Toro.TurfGuard.WebService.InvalidDataInputException.#ctor(System.String)">
             <summary>
             Initializes a new instance of the <see cref="T:Toro.TurfGuard.WebService.InvalidDataInputException"/>
             class with a specified error message.
             </summary>
            
             <param name="message">A message that describes the error.</param>
        </member>
        <member name="M:Toro.TurfGuard.WebService.InvalidDataInputException.#ctor(System.String,System.Exception)">
             <summary>
             Initializes a new instance of the <see cref="T:Toro.TurfGuard.WebService.InvalidDataInputException"/>
             class with a specified error message and a reference to the inner exception
             that is the cause of this exception.
             </summary>
            
             <param name="message">The error message that explains the reason for the exception.</param>
             <param name="cause">The exception that is the cause of the current exception.</param>
        </member>
        <member name="M:Toro.TurfGuard.WebService.InvalidDataInputException.#ctor(System.Runtime.Serialization.SerializationInfo,System.Runtime.Serialization.StreamingContext)">
             <summary>
             Initializes a new instance of the <see cref="T:Toro.TurfGuard.WebService.InvalidDataInputException"/>
             class with serialized data.
             </summary>
            
             <param name="info">The object that holds the serialized object data.</param>
             <param name="context">The contextual information about the source or destination.</param>
        </member>
    </members>
</doc>
