<?xml version="1.0"?>
<!DOCTYPE hibernate-mapping PUBLIC
        "-//Hibernate/Hibernate Mapping DTD 3.0//EN"
        "http://hibernate.sourceforge.net/hibernate-mapping-3.0.dtd" [
    <!ENTITY types SYSTEM "classpath://your/domain/types.xml">
]>

<hibernate-mapping package="com.topcoder.security.groups.model">

    <!-- mapped from time_oltp -->
    <class name="Client" table="client">
        <id name="id" column="client_id" type="int">
 		<generator class="increment"/>
        </id>
        <property name="companyId" column="company_id" type="int" />
	  <property name="name" column="name" type="string" length="64"/>
	  <property name="deleted" column="is_deleted" type="boolean"/>
    </class>

    <!-- mapped from time_oltp -->
    <class name="BillingAccount" table="project">
        <id name="id" column="project_id" type="int">
 		<generator class="increment"/>
        </id>
        <property name="companyId" column="company_id" type="int" />
	  <property name="name" column="name" type="string" length="64"/>
	  <property name="description" column="description" type="string" length="255"/>
	  <many-to-one name="client" column="client_id" class="Client"/>
	  <property name="deleted" column="is_deleted" type="boolean"/>
    </class>

    <class name="CustomerAdministrator" table="customer_administrator">
        <id name="id" column="customer_administrator_id" type="int">
 		<generator class="increment"/>
        </id>
        <property name="userId" column="user_id" type="int" />
	  <many-to-one name="client" column="client_id" class="Client"/>
    </class>

    <class name="GroupAuditRecord" table="group_audit_record">
        <id name="id" column="id" type="int">
 		<generator class="increment"/>
        </id>
	  <property name="handle" column="user_handle" type="string" length="45"/>
	  <property name="ipAddress" column="ip_address" type="string" length="45"/>
	  <property name="previousValue" column="previous_data_value" type="string" length="500"/>
	  <property name="newValue" column="new_data_value" type="string" length="500"/>
	  <property name="date" column="create_date" type="timestamp"/>
    </class>

    <class name="DirectProject" table="group_associated_billing_accounts">
        <property name="id" column="project_id" type="int" />
    </class>

    <class name="Group" table="group">
        <id name="id" column="group_id" type="int">
 		<generator class="increment"/>
        </id>
        <property name="name" column="name" type="string" length="45"/>
        <property name="defaultPermission" column="default_permission" type="GroupPermissionTypeUserType"/>
	  <many-to-one name="client" column="client_id" class="Client"/>
	  <property name="archived" column="archived" type="boolean"/>
	  <property name="archivedOn" column="archived_on" type="timestamp"/>
	  <many-to-one name="effectiveGroup" column="effective_group_id" class="Group" lazy="true" />
        <set name="groupMembers" fetch="join">
            <key column="group_id"/>
            <one-to-many class="GroupMember"/>
        </set>
        <set name="billingAccounts" table="group_associated_billing_accounts" >
            <key column="group_id"/>
            <many-to-many column="billing_account_id" class="BillingAccount"/>
        </set>
        <set name="directProjectIds" fetch="join">
            <key column="group_id"/>
            <one-to-many class="DirectProject"/>
        </set>
        <set name="restrictions" table="group_restriction_resources" >
            <key column="group_id"/>
            <many-to-many column="resource_type" type="ResourceTypeUserType" />
        </set>
    </class>

    <class name="GroupMember" table="group_member">
        <id name="id" column="group_member_id" type="int">
 		<generator class="increment"/>
        </id>
        <property name="userId" column="user_id" type="int" />
	  <many-to-one name="group" column="group_id" class="Group"/>
	  <property name="useGroupDefault" column="user_group_default" type="boolean"/>
        <property name="specificPermission" column="specific_permission" type="GroupPermissionTypeUserType"/>
	  <property name="active" column="active" type="boolean"/>
	  <property name="activatedOn" column="activated_on" type="timestamp"/>
	  <property name="unassignedOn" column="unassigned_on" type="timestamp"/>

    </class>

    <class name="GroupInvitation" table="group_invitation">
        <id name="id" column="group_invitation_id" type="int">
 		<generator class="increment"/>
        </id>
	  <many-to-one name="groupMember" column="group_member_id" class="GroupMember" />
        <property name="status" column="status" type="InvitationStatusUserType"/>
	  <property name="sentOn" column="sent_on" type="timestamp"/>
	  <property name="acceptedOrRejectedOn" column="accepted_or_rejected_on" type="timestamp"/>
	  <property name="approvalProcessedOn" column="approval_processed_on" type="timestamp"/>
    </class>
</hibernate-mapping>