<?xml version="1.0"?>
<doc>
    <assembly>
        <name>TopCoder.Web.Distance</name>
    </assembly>
    <members>
        <member name="T:TopCoder.Web.Distance.Data.FlatFileMemberDataAccess">
            <summary>
            This class loads XML files named after coder ids (long values),
            supposed to contain all relevant members, with the
            member identifying the file first.
            </summary>
            <author>TCSDESIGNER</author>
            <author>hotblue</author>
            <copyright>Copyright (c) 2008, TopCoder, Inc. All rights reserved.</copyright>
            <version>1.0</version>
        </member>
        <member name="T:TopCoder.Web.Distance.Data.IMemberDataAccess">
            <summary>
            The data access interface for retrieving member data.
            </summary>
            <threadsafety>Implementations of this interface may or may not be thread-safe</threadsafety>
            <author>TCSDESIGNER</author>
            <author>hotblue</author>
            <copyright>Copyright (c) 2008, TopCoder, Inc. All rights reserved.</copyright>
            <version>1.0</version>
        </member>
        <member name="M:TopCoder.Web.Distance.Data.IMemberDataAccess.GetMember(System.Int64)">
            <summary>
            Retrieves a member by their coder_id. This method is intended
            to provide the details for the member from which distances are
            calculated.
            </summary>
            <param name="id">
            The identifier for the member desired.
            </param>
            <returns>
            A Member instance with all data populated.
            </returns>
            <exception cref="T:TopCoder.Web.Distance.Data.MemberDataAccessException">
            If errors occur during retrieval.
            </exception>
        </member>
        <member name="M:TopCoder.Web.Distance.Data.IMemberDataAccess.GetRelatedMembers(System.Int64,TopCoder.Web.Distance.CompetitionTypes)">
            <summary>
            Retrieves the members related to a specified member. The number of
            members returned will vary based on the input to the method, as
            well as the particular data retrieval implementation.
            </summary>
            <param name="id">
            The member of interest.
            </param>
            <param name="competitionType">
            The competition types to filter the data.
            </param>
            <returns>
            An unordered list of members related in some way
            to the requested member. The set selected will vary by the
            implementation of the interface.
            </returns>
            <exception cref="T:TopCoder.Web.Distance.Data.MemberDataAccessException">
            If errors occur during retrieval.
            </exception>
        </member>
        <member name="F:TopCoder.Web.Distance.Data.FlatFileMemberDataAccess.CODER_ID_ELEMENT">
            <summary>
            A string constant indicating the name of the corresponding element in the XML input.
            </summary>
        </member>
        <member name="F:TopCoder.Web.Distance.Data.FlatFileMemberDataAccess.HANDLE_ELEMENT">
            <summary>
            A string constant indicating the name of the corresponding element in the XML input.
            </summary>
        </member>
        <member name="F:TopCoder.Web.Distance.Data.FlatFileMemberDataAccess.RATING_SUFFIX">
            <summary>
            A string constant indicating the suffix of the corresponding element names in the XML input.
            </summary>
        </member>
        <member name="F:TopCoder.Web.Distance.Data.FlatFileMemberDataAccess.IMAGE_ELEMENT">
            <summary>
            A string constant indicating the name of the corresponding element in the XML input.
            </summary>
        </member>
        <member name="F:TopCoder.Web.Distance.Data.FlatFileMemberDataAccess.DISTANCE_ELEMENT">
            <summary>
            A string constant indicating the name of the corresponding element in the XML input.
            </summary>
        </member>
        <member name="F:TopCoder.Web.Distance.Data.FlatFileMemberDataAccess.OVERLAP_ELEMENT">
            <summary>
            A string constant indicating the name of the corresponding element in the XML input.
            </summary>
        </member>
        <member name="F:TopCoder.Web.Distance.Data.FlatFileMemberDataAccess.COUNTRY_ELEMENT">
            <summary>
            A string constant indicating the name of the corresponding element in the XML input.
            </summary>
        </member>
        <member name="F:TopCoder.Web.Distance.Data.FlatFileMemberDataAccess.basePath">
            <summary>
            The base path.
            </summary>
        </member>
        <member name="M:TopCoder.Web.Distance.Data.FlatFileMemberDataAccess.#ctor(System.String)">
            <summary>
            Provide a base path used for reading individual files.
            </summary>
            <param name="basePath">The path to the coder data.</param>
        </member>
        <member name="M:TopCoder.Web.Distance.Data.FlatFileMemberDataAccess.ParseCoder(System.Xml.XmlNode)">
            <summary>
            Parses a single coder from XML DOM.
            </summary>
            <param name="coder">The element to parse.</param>
            <returns>The resulting <see cref="T:TopCoder.Web.Distance.Data.Member"/> object.</returns>
        </member>
        <member name="M:TopCoder.Web.Distance.Data.FlatFileMemberDataAccess.GetMembers(System.Int64)">
            <summary>
            Gets all member objects from the XML file for the matching id.
            </summary>
            <param name="id">The id to read from.</param>
            <returns>The final list.</returns>
            <exception cref="T:TopCoder.Web.Distance.Data.MemberDataAccessException">If error occurs during retrieval.</exception>
        </member>
        <member name="M:TopCoder.Web.Distance.Data.FlatFileMemberDataAccess.GetMember(System.Int64)">
            <summary>
            Loads the single, first, member in the XML file for the specified coder.
            b</summary>
            <param name="id">The id of the coder.</param>
            <returns>
            A Member object for the coder, or null if there is no file for this coder.
            </returns>
            <exception cref="T:TopCoder.Web.Distance.Data.MemberDataAccessException">
            Thrown for any parsing error.
            </exception>
        </member>
        <member name="M:TopCoder.Web.Distance.Data.FlatFileMemberDataAccess.GetRelatedMembers(System.Int64,TopCoder.Web.Distance.CompetitionTypes)">
            <summary>
            Loads all related members (not the "origin member") from the file of
            the specified coder.
            </summary>
            <param name="id">
            The id of the coder.
            </param>
            <param name="competitionTypes">
            The competition types requested.
            </param>
            <returns>
            A list containing all the members related to the origin member.
            </returns>
        </member>
        <member name="T:TopCoder.Web.Distance.Data.Member">
             <summary>
             This class is an immutable data transport object that holds all
             data necessary to calculate the required distances between two members.
            
             Members unrated in a particular competition type are considered
             to have rating zero.
             </summary>
        </member>
        <member name="F:TopCoder.Web.Distance.Data.Member.country">
            <summary>
            The country of the member.
            </summary>
        </member>
        <member name="F:TopCoder.Web.Distance.Data.Member.image">
            <summary>
            The image for the member.
            </summary>
        </member>
        <member name="F:TopCoder.Web.Distance.Data.Member.geoDistance">
             <summary>
             The geographical distance in miles between this member and the related member.
             If this member was not retrieved as a related member, the distance will be zero.
            
             The units for this are irrelevant and will be uniform across all members.
             </summary>
        </member>
        <member name="F:TopCoder.Web.Distance.Data.Member.matchOverlap">
            <summary>
            The number of matches shared between this member and the related member.
            If this member was not retrieved as a related member, the overlap will be zero.
            </summary>
        </member>
        <member name="F:TopCoder.Web.Distance.Data.Member.handle">
            <summary>
            The member's handle.
            </summary>
        </member>
        <member name="F:TopCoder.Web.Distance.Data.Member.ratings">
            <summary>
            The member's ratings. All ratings should be included.
            </summary>
        </member>
        <member name="F:TopCoder.Web.Distance.Data.Member.id">
            <summary>
            The member's coder_id (From the database).
            </summary>
        </member>
        <member name="F:TopCoder.Web.Distance.Data.Member.maxRating">
            <summary>
            Member's maximum rating (of all current ratings).
            </summary>
        </member>
        <member name="M:TopCoder.Web.Distance.Data.Member.GetRating(TopCoder.Web.Distance.CompetitionTypes)">
            <summary>
            Gets the member's rating for a specific competition type.
            </summary>
            <param name="type">The type of competition desired.</param>
            <returns>The rating for the member in that type. Zero if unrated.</returns>
            <exception cref="T:System.ArgumentOutOfRangeException">If type is not a single CompetitionTypes flag.</exception>
        </member>
        <member name="M:TopCoder.Web.Distance.Data.Member.#ctor(System.Int64,System.String,System.Collections.Generic.Dictionary{TopCoder.Web.Distance.CompetitionTypes,System.Int32},System.String,System.String)">
            <summary>
            Creates a member instance. All parameters are required.
            </summary>
            <param name="id">The coder_id for the member.</param>
            <param name="handle">The handle for the member.</param>
            <param name="ratings">The ratings for the member.</param>
            <param name="country">The country for the member (empty if not applicable).</param>
            <param name="image">The image for the member (empty if not applicable).</param>
        </member>
        <member name="M:TopCoder.Web.Distance.Data.Member.#ctor(System.Int64,System.String,System.Collections.Generic.Dictionary{TopCoder.Web.Distance.CompetitionTypes,System.Int32},System.String,System.String,System.Int32,System.Int32)">
            <summary>
            Creates a member instance. All parameters are required.
            </summary>
            <param name="id">The coder_id for the member.</param>
            <param name="handle">The handle for the member.</param>
            <param name="ratings">The ratings for the member.</param>
            <param name="country">The country for the member (empty if not applicable).</param>
            <param name="image">The image for the member (empty if not applicable).</param>
            <param name="geoDistance">The geographical distance between this member and a related member.</param>
            <param name="matchOverlap">The number of matches shared between this member and a related member.</param>
        </member>
        <member name="P:TopCoder.Web.Distance.Data.Member.Handle">
            <summary>
            Gets the member's handle.
            </summary>
        </member>
        <member name="P:TopCoder.Web.Distance.Data.Member.MaxRating">
            <summary>
            Gets the member's highest rating regardless of competition type.
            </summary>
        </member>
        <member name="P:TopCoder.Web.Distance.Data.Member.Id">
            <summary>
            Gets the member's coder_id, which uniquely identifies them.
            </summary>
        </member>
        <member name="P:TopCoder.Web.Distance.Data.Member.GeographicalDistance">
            <summary>
            Gets the geographical distance between this member and the related
            member. If this member is the member distances are being generated for,
            the distance will be zero.
            </summary>
        </member>
        <member name="P:TopCoder.Web.Distance.Data.Member.MatchOverlap">
            <summary>
            Gets the number of matches shared between this member and the related member.
            If this member is the member distances are being generated for, the overlap
            will be zero.
            </summary>
        </member>
        <member name="P:TopCoder.Web.Distance.Data.Member.Country">
            <summary>
            Gets the country for the member. May be empty string if no image available.
            </summary>
        </member>
        <member name="P:TopCoder.Web.Distance.Data.Member.Image">
            <summary>
            Gets the image for the member. May be empty string if no image available.
            </summary>
        </member>
        <member name="T:TopCoder.Web.Distance.Data.MemberDataAccessException">
            <summary>
            This exception is thrown by IMemberDataAccess implementations, when errors
            occur in the member retrieval methods of the implementations. The constructors
            of this exception wrap those of the base class.
            </summary>
        </member>
        <member name="M:TopCoder.Web.Distance.Data.MemberDataAccessException.#ctor">
            <summary>
            Creates a new, empty exception.
            </summary>
        </member>
        <member name="M:TopCoder.Web.Distance.Data.MemberDataAccessException.#ctor(System.String)">
            <summary>
            Creates a new exception containing the given message.
            </summary>
            <param name="message">The message the exception will contain.</param>
        </member>
        <member name="M:TopCoder.Web.Distance.Data.MemberDataAccessException.#ctor(System.String,System.Exception)">
            <summary>
            Creates a new exception containing the given message and cause.
            </summary>
            <param name="message">The message the exception will contain</param>
            <param name="cause">The cause of the exception</param>
        </member>
        <member name="M:TopCoder.Web.Distance.Data.MemberDataAccessException.#ctor(System.Runtime.Serialization.SerializationInfo,System.Runtime.Serialization.StreamingContext)">
            <summary>
            Deserialization constructor.
            </summary>
            <param name="info">The serialization information used in deserialization</param>
            <param name="ctx">The streaming context used in deserialization</param>
        </member>
        <member name="T:TopCoder.Web.Distance.DistanceCalculators.GeographicalDistanceCalculator">
            <summary>
            This class is the implementation of the <see cref="T:TopCoder.Web.Distance.IDistanceCalculator"/>
            interface that calculates the geographical distance. It implements the
            default geographical calculation formula as stated in the algorithm section
            of the component specification.
            </summary>
            <threadsafety>
            This class is thread-safe since it is immutable.
            </threadsafety>
            <author>TCSDESIGNER</author>
            <author>hotblue</author>
            <copyright>Copyright (c) 2008, TopCoder, Inc. All rights reserved.</copyright>
            <version>1.0</version>
        </member>
        <member name="T:TopCoder.Web.Distance.IDistanceCalculator">
            <summary>
            <para>This interface defines the contract to calculate the various distances.
            This component provides three implementations to support three kinds of
            distance calculations: rating diatance, geographical distance and match overlap
            distance. Implementations of this interface will be plugged to implementations
            of the <see cref="T:TopCoder.Web.Distance.IDistanceGenerator"/> interface and will not be used directly.</para>
            </summary>
            <remarks>
            Thread-Safety: Implementations of this interface should be thread-safe.
            </remarks>
            <author>TCSDESIGNER</author>
            <author>hotblue</author>
            <copyright>Copyright (c) 2008, TopCoder, Inc. All rights reserved.</copyright>
            <version>1.0</version>
        </member>
        <member name="M:TopCoder.Web.Distance.IDistanceCalculator.CalculateDistance(TopCoder.Web.Distance.Data.Member,System.Collections.Generic.IList{TopCoder.Web.Distance.Data.Member},TopCoder.Web.Distance.CompetitionTypes)">
            <summary>
            Calculates distances from the given member to all its related members.
            </summary>
            <param name="member">
            The member to calculate the distances for.
            </param>
            <param name="relatedMembers">
            All related members of the given member, cannot be empty list.
            </param>
            <param name="type">
            The competition types used to compute distance.
            </param>
            <returns>
            The distances to each related member. Any negative value in the
            returned list means the distance is "undefined".
            </returns>
            <exception cref="T:System.ArgumentNullException">
            If either argument is null.
            </exception>
            <exception cref="T:System.ArgumentException">
            If the list is empty or contains a null element.
            </exception>
        </member>
        <member name="M:TopCoder.Web.Distance.DistanceCalculators.GeographicalDistanceCalculator.#ctor">
            <summary>
            The default do-nothing constructor.
            </summary>
        </member>
        <member name="M:TopCoder.Web.Distance.DistanceCalculators.GeographicalDistanceCalculator.CalculateDistance(TopCoder.Web.Distance.Data.Member,System.Collections.Generic.IList{TopCoder.Web.Distance.Data.Member},TopCoder.Web.Distance.CompetitionTypes)">
            <summary>
            Calculates the geographical distances from the given member to all its
            related members. The returned list should contain distance to each
            related member in the same order as the related members are in the
            given list. A negative value in the returned list means that the
            distance is "undefined".
            </summary>
            <param name="member">
            The member to calculate the distances for.
            </param>
            <param name="relatedMembers">
            All related members of the given member, cannot be empty list.
            </param>
            <param name="type">
            The competition types used to compute distance.
            </param>
            <returns>
            The geographical distances to each related member.
            </returns>
            <exception cref="T:System.ArgumentNullException">
            If either argument is null.
            </exception>
            <exception cref="T:System.ArgumentException">
            If the list is empty or contains a null element.
            </exception>
        </member>
        <member name="T:TopCoder.Web.Distance.DistanceCalculators.OverlapDistanceCalculator">
            <summary>
            This class is the implementation of the <see cref="T:TopCoder.Web.Distance.IDistanceCalculator"/> interface
            that calculates match overlap distance. It implements the default match overlap
            calculation formula as stated in the algorithm section of the component specification.
            </summary>
            <threadsafety>
            This class is thread-safe since it is immutable.
            </threadsafety>
            <author>TCSDESIGNER</author>
            <author>hotblue</author>
            <copyright>Copyright (c) 2008, TopCoder, Inc. All rights reserved.</copyright>
            <version>1.0</version>
        </member>
        <member name="M:TopCoder.Web.Distance.DistanceCalculators.OverlapDistanceCalculator.#ctor">
            <summary>
            The default do-nothing constructor.
            </summary>
        </member>
        <member name="M:TopCoder.Web.Distance.DistanceCalculators.OverlapDistanceCalculator.CalculateDistance(TopCoder.Web.Distance.Data.Member,System.Collections.Generic.IList{TopCoder.Web.Distance.Data.Member},TopCoder.Web.Distance.CompetitionTypes)">
            <summary>
            Calculates the match overlap distances from the given member to all
            its related members. The returned list should contain the distances
            to each related member in the same order as the related members are
            given in the list. A negative value in the returned list means that
            the distance is "undefined".
            </summary>
            <param name="member">
            The member to calculate the distances for.
            </param>
            <param name="relatedMembers">
            All related members of the given member, cannot be an empty list.
            </param>
            <param name="type">
            The competition types used to compute distance.
            </param>
            <returns>
            The match overlap distances to each related member.
            </returns>
            <exception cref="T:System.ArgumentNullException">
            If either argument is null.
            </exception>
            <exception cref="T:System.ArgumentException">
            If the list is empty or contains a null element.
            </exception>
        </member>
        <member name="T:TopCoder.Web.Distance.DistanceCalculators.RatingDistanceCalculator">
            <summary>
            This class is the implementation of the <see cref="T:TopCoder.Web.Distance.IDistanceCalculator"/> interface
            that calculates the rating distance. It implements the default distance calculation
            formula as stated in the algorithm section of the component specification.
            </summary>
            <threadsafety>
            This class is thread-safe since it is immutable.
            </threadsafety>
            <author>TCSDESIGNER</author>
            <author>hotblue</author>
            <copyright>Copyright (c) 2008, TopCoder, Inc. All rights reserved.</copyright>
            <version>1.0</version>
        </member>
        <member name="M:TopCoder.Web.Distance.DistanceCalculators.RatingDistanceCalculator.#ctor">
            <summary>
            The default do-nothing constructor.
            </summary>
        </member>
        <member name="M:TopCoder.Web.Distance.DistanceCalculators.RatingDistanceCalculator.CalculateDistance(TopCoder.Web.Distance.Data.Member,System.Collections.Generic.IList{TopCoder.Web.Distance.Data.Member},TopCoder.Web.Distance.CompetitionTypes)">
            <summary>
            Calculates the rating distances from the given member to all its
            related members. The returned list should contain the distances to
            each related member in the same order as the related members are
            given in the list. A negative value in the returned list means
            that the distance is "undefined".
            </summary>
            <param name="member">
            The member to calculate the distances for.
            </param>
            <param name="relatedMembers">
            All related members of the given member, cannot be an empty list.
            </param>
            <param name="type">
            The competition types used to compute distance.
            </param>
            <returns>
            The rating distances to each related member.
            </returns>
            <exception cref="T:System.ArgumentNullException">
            If either argument is null.
            </exception>
            <exception cref="T:System.ArgumentException">
            If the list is empty or contains a null element.
            </exception>
        </member>
        <member name="T:TopCoder.Web.Distance.DistanceGenerators.DefaultDistanceGenerator">
             <summary>
             This class is the default implementation of the <see cref="T:TopCoder.Web.Distance.IDistanceGenerator"/> interface.
             It uses pluggable member data access instance, distance calculator and
             XML generator to accomplish the task. The calculation formula could be
             easily replaced or plugged in by providing new <see cref="T:TopCoder.Web.Distance.IDistanceCalculator"/>
             implementations.
             </summary>
             <example>
             Below is an example of how this class can be instantiated using an IConfiguration object.
             <code>
             // Set up the configuration object that defines the objects.
             IConfiguration objectDefChild = new DefaultConfiguration("objectDefChild");
            
             IConfiguration objectConfig = new DefaultConfiguration("object_1");
             objectConfig.SetSimpleAttribute("name", "fileBasedDataAccess");
             IConfiguration typeNameConfig = new DefaultConfiguration("type_name");
             typeNameConfig.SetSimpleAttribute("value", typeof(MyDataAccess).AssemblyQualifiedName);
             objectConfig.AddChild(typeNameConfig);
             objectDefChild.AddChild(objectConfig);
            
             objectConfig = new DefaultConfiguration("object_1.parameters");
             objectConfig.SetSimpleAttribute("name", "fileBasedDataAccess");
            
             objectConfig = new DefaultConfiguration("object_2");
             objectConfig.SetSimpleAttribute("name", "myXmlGenerator");
             typeNameConfig = new DefaultConfiguration("type_name");
             typeNameConfig.SetSimpleAttribute("value", typeof(DefaultXmlGenerator).AssemblyQualifiedName);
             objectConfig.AddChild(typeNameConfig);
             objectDefChild.AddChild(objectConfig);
            
             objectConfig = new DefaultConfiguration("object_3");
             objectConfig.SetSimpleAttribute("name", "rCal");
             typeNameConfig = new DefaultConfiguration("type_name");
             typeNameConfig.SetSimpleAttribute("value", typeof(RatingDistanceCalculator).AssemblyQualifiedName);
             objectConfig.AddChild(typeNameConfig);
             objectDefChild.AddChild(objectConfig);
            
             objectConfig = new DefaultConfiguration("object_4");
             objectConfig.SetSimpleAttribute("name", "oCal");
             typeNameConfig = new DefaultConfiguration("type_name");
             typeNameConfig.SetSimpleAttribute("value", typeof(OverlapDistanceCalculator).AssemblyQualifiedName);
             objectConfig.AddChild(typeNameConfig);
             objectDefChild.AddChild(objectConfig);
            
             objectConfig = new DefaultConfiguration("object_5");
             objectConfig.SetSimpleAttribute("name", "gCal");
             typeNameConfig = new DefaultConfiguration("type_name");
             typeNameConfig.SetSimpleAttribute("value",
                 typeof(GeographicalDistanceCalculator).AssemblyQualifiedName);
             objectConfig.AddChild(typeNameConfig);
             objectDefChild.AddChild(objectConfig);
            
             // Set up the configuration object used by DefaultDistanceGenerator class.
             IConfiguration config = new DefaultConfiguration("root");
             config.SetSimpleAttribute("dataAccessKey", "fileBasedDataAccess");
             config.SetSimpleAttribute("xmlGeneratorKey", "myXmlGenerator");
             string[] calculatorKeys = new string[] { "Rating:rCal",
                 "Overlap:oCal", "Country:gCal" };
             config.SetSimpleAttribute("calculatorKeys", calculatorKeys);
            
             // Add the config should that contains the object definitions.
             config.AddChild(objectDefChild);
            
             // Create a DefaultDistanceGenerator instance using config.
             IDistanceGenerator generator = new DefaultDistanceGenerator(config);
             </code>
             </example>
             <threadsafety>
             This class is thread-safe since it is immutable.
             </threadsafety>
             <author>TCSDESIGNER</author>
             <author>hotblue</author>
             <copyright>Copyright (c) 2008, TopCoder, Inc. All rights reserved.</copyright>
             <version>1.0</version>
        </member>
        <member name="T:TopCoder.Web.Distance.IDistanceGenerator">
            <summary>
            <para>This interface defines the contract to generate distances between members
            in XML string format. It uses either the default weighting strategy or a
            custom one to calculate the final aggregate result.</para>
            <para>Implementations of this interface should either define their own XSDs
            or use the existing one. Applications can save the returned xml string
            to local files and validate the xml against the XSD on loading to ensure
            the data is not corrupted or unexpectedly modified.</para>
            </summary>
            <remarks>
            Thread-Safety: Implementations of this interface should be thread-safe.
            </remarks>
            <author>TCSDESIGNER</author>
            <author>hotblue</author>
            <copyright>Copyright (c) 2008, TopCoder, Inc. All rights reserved.</copyright>
            <version>1.0</version>
        </member>
        <member name="M:TopCoder.Web.Distance.IDistanceGenerator.GenerateDistanceXml(System.Int64,TopCoder.Web.Distance.DistanceTypes,TopCoder.Web.Distance.CompetitionTypes)">
            <summary>
            Generates a distance XML as specified by the required XSD.
            The coderId requested must be the first element in the XML,
            following elements need not be ordered.
            </summary>
            <param name="coderId">The coder to generate distances from.</param>
            <param name="distanceType">The distance types to generate.</param>
            <param name="compType">The competition types to generate.</param>
            <returns>An XML document conforming to the component XSD, containing first
            the coder requested, followed by related coders with calculated distances.</returns>
        </member>
        <member name="M:TopCoder.Web.Distance.IDistanceGenerator.GenerateDistanceXml(System.Int64,TopCoder.Web.Distance.DistanceTypes,TopCoder.Web.Distance.CompetitionTypes,System.Collections.Generic.IDictionary{TopCoder.Web.Distance.DistanceTypes,System.Single})">
            <summary>
            Generates a distance XML as specified by the required XSD.
            The coderId requested must be the first element in the XML,
            while the following elements need not be ordered.
            This method uses the given weights to calculate the final
            aggregated distance data.
            </summary>
            <param name="coderId">The coder to generate distances from.</param>
            <param name="distanceType">The distance types to generate.</param>
            <param name="compType">The competition types to generate.</param>
            <param name="weights">
            The weights for each distance type. Note that in this dictionary each key
            represents a single existing field defined in DistanceTypes.
            </param>
            <returns>An XML document conforming to the component XSD, containing first
            the coder requested, followed by related coders with calculated distances.</returns>
        </member>
        <member name="F:TopCoder.Web.Distance.DistanceGenerators.DefaultDistanceGenerator.configForDataAccessKey">
            <summary>
            The key used to retrieve the "dataAccessKey" configuration item.
            </summary>
        </member>
        <member name="F:TopCoder.Web.Distance.DistanceGenerators.DefaultDistanceGenerator.configForXmlGeneratorKey">
            <summary>
            The key used to retrieve the "xmlGeneratorKey" configuration item.
            </summary>
        </member>
        <member name="F:TopCoder.Web.Distance.DistanceGenerators.DefaultDistanceGenerator.configForCalculatorKeys">
            <summary>
            The key used to retrieve the "calculatorKeys" configuration item.
            </summary>
        </member>
        <member name="F:TopCoder.Web.Distance.DistanceGenerators.DefaultDistanceGenerator.configForWeights">
            <summary>
            The key used to retrieve the "weights" configuration item.
            </summary>
        </member>
        <member name="F:TopCoder.Web.Distance.DistanceGenerators.DefaultDistanceGenerator.configForObjectDefChild">
            <summary>
            The key used to retrieve the "objectDefChild" configuration item.
            </summary>
        </member>
        <member name="F:TopCoder.Web.Distance.DistanceGenerators.DefaultDistanceGenerator.memberDataAccess">
            <summary>
            The IMemberDataAccess instance used to retrieve member data.
            It is initialized in the constructor and will not change afterwards.
            It will never be null. It is used in the two GenerateDistanceXml methods.
            </summary>
        </member>
        <member name="F:TopCoder.Web.Distance.DistanceGenerators.DefaultDistanceGenerator.calculators">
            <summary>
            The distance calculators used to perform distance calculation.
            It is initialized in the constructor and will not change afterwards.
            It will not be null. It is used in the two GenerateDistanceXml methods.
            The key for the dictionary is a single DistanceTypes value
            (i.e. no combination of flags) and the value should be the corresponding
            distance calculator. It cannot be null.
            </summary>
        </member>
        <member name="F:TopCoder.Web.Distance.DistanceGenerators.DefaultDistanceGenerator.weights">
            <summary>
            The weights used to aggregate distance data.
            It is initialized in the constructor and may be null implying
            that default equal weights are used. It is immutable and will
            never be empty (i.e., it can only be either null or non-empty).
            It is used in the two GenerateDistanceXml methods. The key represents
            a single DistanceTypes value (i.e., no combination value is allowed)
            and the value should be a positive float number. The values should
            sum up to 100.
            </summary>
        </member>
        <member name="F:TopCoder.Web.Distance.DistanceGenerators.DefaultDistanceGenerator.xmlGenerator">
            <summary>
            The generator that is used to generate the XML.
            It is initialized in the constructor and will not change afterwards.
            It will never be null. It is used in the two GenerateDistanceXml methods.
            </summary>
        </member>
        <member name="M:TopCoder.Web.Distance.DistanceGenerators.DefaultDistanceGenerator.#ctor(TopCoder.Configuration.IConfiguration)">
            <summary>
            Creates a new generator from configuration.
            </summary>
            <param name="config">
            The configuration from which to create the generator.
            </param>
            <exception cref="T:System.ArgumentNullException">
            If <paramref name="config"/> is null.
            </exception>
            <exception cref="T:System.Configuration.ConfigurationErrorsException">
            If <paramref name="config"/> is invalid (for example: missing required configuration parameter,
            configuration parameter has invalid value, etc...).
            </exception>
        </member>
        <member name="M:TopCoder.Web.Distance.DistanceGenerators.DefaultDistanceGenerator.#ctor(TopCoder.Web.Distance.Data.IMemberDataAccess,System.Collections.Generic.IDictionary{TopCoder.Web.Distance.DistanceTypes,TopCoder.Web.Distance.IDistanceCalculator},TopCoder.Web.Distance.IXmlGenerator)">
            <summary>
            Creates a new generator with the given arguments.
            </summary>
            <param name="memberDataAccess">
            The <see cref="T:TopCoder.Web.Distance.Data.IMemberDataAccess"/> instance used to retrieve member data.
            </param>
            <param name="calculators">
            The <see cref="T:TopCoder.Web.Distance.IDistanceCalculator"/> instances used to perform distance
            calculation, it must not be empty.
            </param>
            <param name="xmlGenerator">
            The <see cref="T:TopCoder.Web.Distance.IXmlGenerator"/> instance used to generate xml string based on given distance data.
            </param>
            <exception cref="T:System.ArgumentNullException">
            If any argument is null.
            </exception>
            <exception cref="T:System.ArgumentException">
            If <paramref name="calculators"/> is an empty dictionary or any key or value is invalid.
            </exception>
        </member>
        <member name="M:TopCoder.Web.Distance.DistanceGenerators.DefaultDistanceGenerator.#ctor(TopCoder.Web.Distance.Data.IMemberDataAccess,System.Collections.Generic.IDictionary{TopCoder.Web.Distance.DistanceTypes,TopCoder.Web.Distance.IDistanceCalculator},TopCoder.Web.Distance.IXmlGenerator,System.Collections.Generic.IDictionary{TopCoder.Web.Distance.DistanceTypes,System.Single})">
            <summary>
            Creates a new generator with the given arguments.
            </summary>
            <param name="memberDataAccess">
            The <see cref="T:TopCoder.Web.Distance.Data.IMemberDataAccess"/> instance used to retrieve member data.
            </param>
            <param name="calculators">
            The <see cref="T:TopCoder.Web.Distance.IDistanceCalculator"/> instances used to perform distance
            calculation, it must not be empty.
            </param>
            <param name="xmlGenerator">
            The <see cref="T:TopCoder.Web.Distance.IXmlGenerator"/> instance used to generate xml string based on given distance data.
            </param>
            <param name="weights">
            The weights to use when aggregating distance data.
            </param>
            <exception cref="T:System.ArgumentNullException">
            If any argument is null.
            </exception>
            <exception cref="T:System.ArgumentException">
            If <paramref name="calculators"/> is an empty dictionary or any key or value is invalid.
            </exception>
        </member>
        <member name="M:TopCoder.Web.Distance.DistanceGenerators.DefaultDistanceGenerator.GenerateDistanceXml(System.Int64,TopCoder.Web.Distance.DistanceTypes,TopCoder.Web.Distance.CompetitionTypes)">
            <summary>
            Generates the distance XML as specified by the defined XSD.
            It uses the default weights (equal weights) to calculate
            the final aggregated distance data.
            </summary>
            <param name="coderId">
            The id of the coder to generate distance for.
            </param>
            <param name="distanceType">
            The distance types.
            </param>
            <param name="compType">
            The competition types.
            </param>
            <returns>
            The XML conforming to the defined XSD, containing the aggregated distance data.
            </returns>
            <exception cref="T:System.ArgumentException">
            If coder id is not positive or distanceType or compType is not a valid predefined
            value (they are not valid combinations of defined enum values).
            </exception>
            <exception cref="T:TopCoder.Web.Distance.Data.DistanceGenerationException">
            If any other error occurs during generation.
            </exception>
        </member>
        <member name="M:TopCoder.Web.Distance.DistanceGenerators.DefaultDistanceGenerator.GenerateDistanceXml(System.Int64,TopCoder.Web.Distance.DistanceTypes,TopCoder.Web.Distance.CompetitionTypes,System.Collections.Generic.IDictionary{TopCoder.Web.Distance.DistanceTypes,System.Single})">
            <summary>
            Generates the distance XML as specified by the defined XSD.
            It uses the given weights to calculate the final aggregated distance data.
            </summary>
            <param name="compType">
            The competition types
            </param>
            <param name="weights">
            The weights for each distance type. Note that each key in this dictionary
            should represent a single existing field defined in DistanceTypes.
            </param>
            <param name="distanceType">
            the distance types
            </param>
            <param name="coderId">
            The id of the coder to generate distance for.
            </param>
            <returns>
            The xml conforming to the defined XSD, containing the aggregated distance data.
            </returns>
            <exception cref="T:System.ArgumentNullException">
            If <paramref name="weights"/> is null.
            </exception>
            <exception cref="T:System.ArgumentException">
            If <paramref name="weights"/> is an empty dictionary or the coder id is
            not positive or distanceType or compType is not a valid predefined value
            (they are not valid combinations of defined enum values) or if any key
            in the dictionary is not a single existing enum as defined DistanceTypes
            (i.e., combination of the fields is not allowed in the dictionary) or
            if any value is not positive float number or if the sum of values does
            not equal 100.
            </exception>
            <exception cref="T:TopCoder.Web.Distance.Data.DistanceGenerationException">
            If any other error occurs during generation.
            </exception>
        </member>
        <member name="M:TopCoder.Web.Distance.DistanceGenerators.DefaultDistanceGenerator.GetRequiredConfig(TopCoder.Configuration.IConfiguration,System.String)">
            <summary>
            Gets a required configuraiton item.
            </summary>
            <param name="config">
            The IConfiguration to retrieve the item from.
            </param>
            <param name="configKey">
            The key to use in retrieving the item.
            </param>
            <returns>
            The attribute that was retrieved.
            </returns>
            <exception cref="T:System.Configuration.ConfigurationErrorsException">
            If the configuration item was not found.
            </exception>
        </member>
        <member name="M:TopCoder.Web.Distance.DistanceGenerators.DefaultDistanceGenerator.ParseKeyAndValue``1(System.String,``0@,System.String@)">
            <summary>
            Parses an enumeration key and value.
            </summary>
            <typeparam name="T">
            The type of the enumeration.
            </typeparam>
            <param name="keyAndValueToSplit">
            The key and value to parse.
            </param>
            <param name="key">
            The resulting key.
            </param>
            <param name="value">
            The resulting value.
            </param>
            <exception cref="T:System.Configuration.ConfigurationErrorsException">
            If a parsing error is encountered.
            </exception>
        </member>
        <member name="T:TopCoder.Web.Distance.XmlGenerators.DefaultXmlGenerator">
            <summary>
            The default implementation of the <see cref="T:TopCoder.Web.Distance.IXmlGenerator"/> interface.
            It generates an XML string that conforms to the deifned XSD.
            </summary>
            <threadsafety>
            This class is thread-safe since it is immutable.
            </threadsafety>
            <author>TCSDESIGNER</author>
            <author>hotblue</author>
            <copyright>Copyright (c) 2008, TopCoder, Inc. All rights reserved.</copyright>
            <version>1.0</version>
        </member>
        <member name="T:TopCoder.Web.Distance.IXmlGenerator">
            <summary>
            This interface defines the contract to generate XML string for the calculated
            distance data. Implementations of this interface will be plugged to the
            <c>DefaultDistanceGenerator</c> class and are not supposed to be
            directly used.
            </summary>
            <remarks>
            Thread-Safety: Implementations of this interface should be thread-safe.
            </remarks>
            <author>TCSDESIGNER</author>
            <author>hotblue</author>
            <copyright>Copyright (c) 2008, TopCoder, Inc. All rights reserved.</copyright>
            <version>1.0</version>
        </member>
        <member name="M:TopCoder.Web.Distance.IXmlGenerator.GenerateXml(TopCoder.Web.Distance.Data.Member,System.Collections.Generic.IList{TopCoder.Web.Distance.Data.Member},System.Collections.Generic.IList{System.Single})">
            <summary>
            Generates the XML string based on the given distance data between the
            given member and the list of related members.
            </summary>
            <param name="member">
            The member for whom the distances are calculated.
            </param>
            <param name="relatedMembers">
            The list of related members to whom the distances are calcuated for
            the given member.
            </param>
            <param name="distances">
            A list of the distances to the related members which should have
            exactly the same size as the relatedMembers list, with each distance
            corresponding to a related member at the same index.
            </param>
            <returns>
            The generated XML.
            </returns>
            <exception cref="T:System.ArgumentNullException">
            If any argument is null.
            </exception>
            <exception cref="T:System.ArgumentException">
            If <paramref name="relatedMembers"/> and <paramref name="distances"/> lists
            have different size or the <paramref name="relatedMembers"/> contains a null element.
            </exception>
        </member>
        <member name="F:TopCoder.Web.Distance.XmlGenerators.DefaultXmlGenerator.elementMap">
            <summary>
            The element name for the map node.
            </summary>
        </member>
        <member name="F:TopCoder.Web.Distance.XmlGenerators.DefaultXmlGenerator.elementCoder">
            <summary>
            The element name for the coder node.
            </summary>
        </member>
        <member name="F:TopCoder.Web.Distance.XmlGenerators.DefaultXmlGenerator.elementCoderId">
            <summary>
            The element name for the coder_id node.
            </summary>
        </member>
        <member name="F:TopCoder.Web.Distance.XmlGenerators.DefaultXmlGenerator.elementHandle">
            <summary>
            The element name for the handle node.
            </summary>
        </member>
        <member name="F:TopCoder.Web.Distance.XmlGenerators.DefaultXmlGenerator.elementRating">
            <summary>
            The element name for the rating node.
            </summary>
        </member>
        <member name="F:TopCoder.Web.Distance.XmlGenerators.DefaultXmlGenerator.elementImage">
            <summary>
            The element name for the image node.
            </summary>
        </member>
        <member name="F:TopCoder.Web.Distance.XmlGenerators.DefaultXmlGenerator.elementDistance">
            <summary>
            The element name for the distance node.
            </summary>
        </member>
        <member name="F:TopCoder.Web.Distance.XmlGenerators.DefaultXmlGenerator.elementOverlap">
            <summary>
            The element name for the overlap node.
            </summary>
        </member>
        <member name="F:TopCoder.Web.Distance.XmlGenerators.DefaultXmlGenerator.elementCountry">
            <summary>
            The element name for the country node.
            </summary>
        </member>
        <member name="F:TopCoder.Web.Distance.XmlGenerators.DefaultXmlGenerator.attributeXmlns">
            <summary>
            The name of the xml namespace attribute.
            </summary>
        </member>
        <member name="F:TopCoder.Web.Distance.XmlGenerators.DefaultXmlGenerator.xmlnsValue">
            <summary>
            The value to use for the xmlns attribute.
            </summary>
        </member>
        <member name="M:TopCoder.Web.Distance.XmlGenerators.DefaultXmlGenerator.#ctor">
            <summary>
            The default do-nothing constructor.
            </summary>
        </member>
        <member name="M:TopCoder.Web.Distance.XmlGenerators.DefaultXmlGenerator.GenerateXml(TopCoder.Web.Distance.Data.Member,System.Collections.Generic.IList{TopCoder.Web.Distance.Data.Member},System.Collections.Generic.IList{System.Single})">
            <summary>
            Generates an XML string based on given distance data between the
            given member and the list of related members. Note that negative
            numbers should be treated as undefined and be ignored.
            </summary>
            <param name="member">
            The member for whom the distances are calculated.
            </param>
            <param name="relatedMembers">
            The list of related members to whom the distances are calculated
            for the given member.
            </param>
            <param name="distances">
            The distances to the related members, it should have exactly the same size as
            the <paramref name="relatedMembers"/> list, and each distance corresponds to a related
            member at the same index.
            </param>
            <returns>
            The generated XML.
            </returns>
            <exception cref="T:System.ArgumentNullException">
            If any argument is null.
            </exception>
            <exception cref="T:System.ArgumentException">
            If <paramref name="relatedMembers"/> and <paramref name="distances"/> lists have different sizes or
            if the <paramref name="relatedMembers"/>list contains a null element.
            </exception>
        </member>
        <member name="M:TopCoder.Web.Distance.XmlGenerators.DefaultXmlGenerator.GenerateXmlForMember(System.Xml.XmlTextWriter,TopCoder.Web.Distance.Data.Member,System.Single)">
            <summary>
            Generates the XML for a member.
            </summary>
            <param name="writer">
            The writer to use for generating the member.
            </param>
            <param name="member">
            The member.
            </param>
            <param name="distance">
            The distance of the member.
            </param>
        </member>
        <member name="T:TopCoder.Web.Distance.CompetitionTypes">
            <summary>
            This enumeration contains the various competition types
            available for ratings and competition overlap.
            </summary>
            <threadsafety>Enumerations are thread-safe.</threadsafety>
            <author>TCSDESIGNER</author>
            <author>hotblue</author>
            <copyright>Copyright (c) 2008, TopCoder, Inc. All rights reserved.</copyright>
            <version>1.0</version>
        </member>
        <member name="F:TopCoder.Web.Distance.CompetitionTypes.Algorithm">
            <summary>
            Algorithm competition.
            </summary>
        </member>
        <member name="F:TopCoder.Web.Distance.CompetitionTypes.Development">
            <summary>
            Component development competition.
            </summary>
        </member>
        <member name="F:TopCoder.Web.Distance.CompetitionTypes.Design">
            <summary>
            Component design competition.
            </summary>
        </member>
        <member name="F:TopCoder.Web.Distance.CompetitionTypes.Studio">
            <summary>
            Component design competition.
            </summary>
        </member>
        <member name="F:TopCoder.Web.Distance.CompetitionTypes.Marathon">
            <summary>
            Marathon match.
            </summary>
        </member>
        <member name="F:TopCoder.Web.Distance.CompetitionTypes.Assembly">
            <summary>
            Assembly competition (currently unrated).
            </summary>
        </member>
        <member name="F:TopCoder.Web.Distance.CompetitionTypes.HighSchool">
            <summary>
            High-school algorithm competition.
            </summary>
        </member>
        <member name="T:TopCoder.Web.Distance.Data.DistanceGenerationException">
            <summary>
            This exception is used to represent errors that might occur during
            the generation of distance. For example, it can be thrown if a failure
            to retrieve data occurs. This exception is thrown by the methods of
            implementations of the <see cref="T:TopCoder.Web.Distance.IDistanceGenerator"/> interface.
            </summary>
            <author>TCSDESIGNER</author>
            <author>hotblue</author>
            <copyright>Copyright (c) 2008, TopCoder, Inc. All rights reserved.</copyright>
            <version>1.0</version>
        </member>
        <member name="M:TopCoder.Web.Distance.Data.DistanceGenerationException.#ctor">
            <summary>
            Creates a new, empty exception.
            </summary>
        </member>
        <member name="M:TopCoder.Web.Distance.Data.DistanceGenerationException.#ctor(System.String)">
            <summary>
            Creates a new exception containing the given message.
            </summary>
            <param name="message">The message the exception will contain.</param>
        </member>
        <member name="M:TopCoder.Web.Distance.Data.DistanceGenerationException.#ctor(System.String,System.Exception)">
            <summary>
            Creates a new exception containing the given message and cause.
            </summary>
            <param name="message">The message the exception will contain</param>
            <param name="cause">The cause of the exception</param>
        </member>
        <member name="M:TopCoder.Web.Distance.Data.DistanceGenerationException.#ctor(System.Runtime.Serialization.SerializationInfo,System.Runtime.Serialization.StreamingContext)">
            <summary>
            Deserialization constructor.
            </summary>
            <param name="info">The serialization information used in deserialization</param>
            <param name="context">The streaming context used in deserialization</param>
        </member>
        <member name="T:TopCoder.Web.Distance.DistanceTypes">
            <summary>
            This enumeration contains the basic types of distances between users.
            </summary>
            <threadsafety>Enumerations are thread-safe.</threadsafety>
            <author>TCSDESIGNER</author>
            <author>hotblue</author>
            <copyright>Copyright (c) 2008, TopCoder, Inc. All rights reserved.</copyright>
            <version>1.0</version>
        </member>
        <member name="F:TopCoder.Web.Distance.DistanceTypes.Overlap">
            <summary>
            The number of competitions shared between members. Lower
            overlap indicates more distance.
            </summary>
        </member>
        <member name="F:TopCoder.Web.Distance.DistanceTypes.Country">
            <summary>
            The geographical distance between members. Larger geographical
            distances indicates larger distance between two members.
            </summary>
        </member>
        <member name="F:TopCoder.Web.Distance.DistanceTypes.Rating">
            <summary>
            The rating distance between two members.
            </summary>
        </member>
        <member name="T:TopCoder.Web.Distance.Helper">
            <summary>
            Helper class that contains methods for parameter checking.
            </summary>
            <author>hotblue</author>
            <copyright>Copyright (c) 2008, TopCoder, Inc. All rights reserved.</copyright>
            <version>1.0</version>
        </member>
        <member name="M:TopCoder.Web.Distance.Helper.ValidateNotNull(System.String,System.Object)">
            <summary>
            Validates that <c>value</c> is not null.
            </summary>
            <param name="name">
            The name to use with any exception message.
            </param>
            <param name="value">
            The value to validate.
            </param>
            <exception cref="T:System.ArgumentNullException">
            If <paramref name="value"/> is null.
            </exception>
        </member>
        <member name="M:TopCoder.Web.Distance.Helper.ValidateArgument(System.String,System.Boolean,System.String,System.Object[])">
            <summary>
            Validates that an error condition for an argument has not been encountered.
            </summary>
            <param name="name">
            The name to use with any exception message.
            </param>
            <param name="isErrorCondition">
            Indicates if the error condition was hit or not.
            </param>
            <param name="errorMessage">
            The error message to include in the exception thrown.
            </param>
            <param name="errorArgs">
            The arguments to the error message.
            </param>
            <exception cref="T:System.ArgumentException">
            If <paramref name="isErrorCondition"/> is true.
            </exception>
        </member>
        <member name="M:TopCoder.Web.Distance.Helper.ValidateList``1(System.String,System.Collections.Generic.IList{``0},System.Boolean)">
            <summary>
            Validates that <c>value</c> is not null.
            </summary>
            <param name="name">
            The name to use with any exception message.
            </param>
            <param name="value">
            The value to validate.
            </param>
            <param name="isEmptyListAllowed">
            Indicates if an empty list is allowed or note.
            </param>
            <exception cref="T:System.ArgumentNullException">
            If <paramref name="value"/> is null.
            </exception>
            <exception cref="T:System.ArgumentException">
            If <paramref name="value"/> contains a null element or
            if it is empty when an empty list is not allowed.
            </exception>
        </member>
        <member name="M:TopCoder.Web.Distance.Helper.ValidateDistanceType(System.String,TopCoder.Web.Distance.DistanceTypes)">
            <summary>
            Validates that <paramref name="distanceType"/> is a valid combination
            of flag values from the <see cref="T:TopCoder.Web.Distance.DistanceTypes"/> enumeration.
            </summary>
            <param name="name">
            The name to use with any exception message.
            </param>
            <param name="distanceType">
            The enumeration value to validate.
            </param>
            <exception cref="T:System.ArgumentException">
            If <paramref name="distanceType"/> is not a valid combination
            of flag values from the <see cref="T:TopCoder.Web.Distance.DistanceTypes"/> enumeration.
            </exception>
        </member>
        <member name="M:TopCoder.Web.Distance.Helper.ValidateCompetitionType(System.String,TopCoder.Web.Distance.CompetitionTypes)">
            <summary>
            Validates that <paramref name="competitionType"/> is a valid combination
            of flag values from the <see cref="T:TopCoder.Web.Distance.CompetitionTypes"/> enumeration.
            </summary>
            <param name="name">
            The name to use with any exception message.
            </param>
            <param name="competitionType">
            The enumeration value to validate.
            </param>
            <exception cref="T:System.ArgumentException">
            If <paramref name="competitionType"/> is not a valid combination
            of flag values from the <see cref="T:TopCoder.Web.Distance.CompetitionTypes"/> enumeration.
            </exception>
        </member>
    </members>
</doc>
