<project name="Dependency Import" default="dist" basedir=".">

	<!-- TCS dependencies -->
	<property name="flex_widget_base_services.swc" value="${tcs_flex_libdir}/flex_widget_base_services/1.0.0/flex_widget_base_services.swc"/>

	<!-- 3rd party dependencies -->
	<property name="flexunit" value="${flexunitdir}/FlexUnit.swc" />
	<property name="flexunitoptional" value="${flexunitdir}/FlexUnitOptional.swc" />
	<property name="as3corelib.swc" value="${ext_flex_libdir}/as3corelib/0.9/as3corelib.swc" />

	<!-- Path elements required in the master buiild file (they MUST be defined even if empty). -->
	<path id="component.tcs-dependencies">
		<pathelement location="${flex_widget_base_services.swc}"/>
		<pathelement location="${as3corelib.swc}"/>
	</path>

	<path id="component.3rdParty-dependencies"/>

	<path id="component.test.3rdParty-dependencies">
		<pathelement location="${flexunit}" />
		<pathelement location="${flexunitoptional}" />
	</path>

</project>
