INSERT INTO id_sequences(name, next_block_start, block_size, exhausted) VALUES('screening_result_id_seq', 1, 20, 0);
insert into project_category_lu(project_category_id) values(12345);
insert into project(project_id, project_category_id) values(11, 12345);
insert into project(project_id, project_category_id) values(12, 12345);
insert into project(project_id, project_category_id) values(13, 12345);
insert into project(project_id, project_category_id) values(14, 12345);
insert into project(project_id, project_category_id) values(15, 12345);
insert into project(project_id, project_category_id) values(16, 12345);
INSERT INTO project_info (project_id, project_info_type_id, value) VALUES (11, 5, 2);
INSERT INTO project_info (project_id, project_info_type_id, value) VALUES (12, 5, 1);
INSERT INTO project_info (project_id, project_info_type_id, value) VALUES (13, 5, 3);
INSERT INTO project_info (project_id, project_info_type_id, value) VALUES (14, 5, 2);
INSERT INTO project_info (project_id, project_info_type_id, value) VALUES (15, 5, 1);
INSERT INTO project_info (project_id, project_info_type_id, value) VALUES (16, 5, 1);
INSERT INTO resource_info_type_lu(resource_info_type_id, name, description, create_user, create_date, modify_user, modify_date) VALUES(1, 'External Reference ID', 'External Reference ID', 'System', CURRENT, 'System', CURRENT);
INSERT INTO resource_info_type_lu(resource_info_type_id, name, description, create_user, create_date, modify_user, modify_date) VALUES(2, 'External Reference ID', 'External Reference ID', 'System', CURRENT, 'System', CURRENT);
insert into resource(resource_id) values(41);
insert into resource(resource_id) values(42);
insert into resource(resource_id) values(43);
insert into resource(resource_id) values(44);
insert into resource(resource_id) values(45);
insert into resource(resource_id) values(46);
insert into resource(resource_id) values(47);
insert into resource(resource_id) values(48);
insert into resource(resource_id) values(49);
insert into resource_info(resource_id, resource_info_type_id, value) values(41, 1, '123');
insert into resource_info(resource_id, resource_info_type_id, value) values(42, 1, '123');
insert into resource_info(resource_id, resource_info_type_id, value) values(43, 1, '123');
insert into resource_info(resource_id, resource_info_type_id, value) values(44, 1, '123');
insert into resource_info(resource_id, resource_info_type_id, value) values(45, 1, '123');
insert into resource_info(resource_id, resource_info_type_id, value) values(46, 1, '123');
insert into resource_info(resource_id, resource_info_type_id, value) values(47, 1, '123');
insert into resource_info(resource_id, resource_info_type_id, value) values(48, 1, '123');
insert into resource_info(resource_id, resource_info_type_id, value) values(49, 1, '123');
insert into upload(upload_id, project_id, resource_id, parameter) values(51, 11, 41, 'file1');
insert into upload(upload_id, project_id, resource_id, parameter) values(52, 12, 42, 'file2');
insert into upload(upload_id, project_id, resource_id, parameter) values(53, 13, 43, 'file3');
insert into upload(upload_id, project_id, resource_id, parameter) values(54, 14, 44, 'file4');
insert into upload(upload_id, project_id, resource_id, parameter) values(55, 15, 45, 'file5');
insert into upload(upload_id, project_id, resource_id, parameter) values(56, 16, 46, 'file6');
insert into upload(upload_id, project_id, resource_id, parameter) values(57, 16, 47, 'file6');
insert into upload(upload_id, project_id, resource_id, parameter) values(58, 16, 48, 'file6');
insert into upload(upload_id, project_id, resource_id, parameter) values(59, 16, 49, 'file6');
insert into screening_status_lu(screening_status_id, name, description, create_user, create_date, modify_user, modify_date) values(1, 'Pending', 'description', 'ivern', DATE('2006-10-12'), 'qiucx0161', DATE('2006-10-12'));
insert into screening_status_lu(screening_status_id, name, description, create_user, create_date, modify_user, modify_date) values(2, 'Screening', 'description', 'ivern', DATE('2006-10-12'), 'qiucx0161', DATE('2006-10-12'));
insert into screening_status_lu(screening_status_id, name, description, create_user, create_date, modify_user, modify_date) values(3, 'Failed', 'description', 'ivern', DATE('2006-10-12'), 'qiucx0161', DATE('2006-10-12'));
insert into screening_status_lu(screening_status_id, name, description, create_user, create_date, modify_user, modify_date) values(4, 'Passed', 'description', 'ivern', DATE('2006-10-12'), 'qiucx0161', DATE('2006-10-12'));
insert into screening_status_lu(screening_status_id, name, description, create_user, create_date, modify_user, modify_date) values(5, 'Passed with Warning', 'description', 'ivern', DATE('2006-10-12'), 'qiucx0161', DATE('2006-10-12'));
insert into screening_task(screening_task_id, upload_id, screening_status_id, screener_id, start_timestamp, create_user, create_date, modify_user, modify_date) values(100071, 51, 1, null, null, 'jivern', DATE('2006-10-12'), 'screening_task_modify_user', DATE('2006-10-12'));
insert into screening_task(screening_task_id, upload_id, screening_status_id, screener_id, start_timestamp, create_user, create_date, modify_user, modify_date) values(100072, 52, 1, null, null, 'jivern', DATE('2006-10-12'), 'screening_task_modify_user', DATE('2006-10-12'));
insert into screening_task(screening_task_id, upload_id, screening_status_id, screener_id, start_timestamp, create_user, create_date, modify_user, modify_date) values(100073, 53, 2, 81, DATE('2006-10-12'), 'jivern', DATE('2006-10-12'), 'screening_task_modify_user', DATE('2006-10-12'));
insert into screening_task(screening_task_id, upload_id, screening_status_id, screener_id, start_timestamp, create_user, create_date, modify_user, modify_date) values(100074, 54, 3, 81, DATE('2006-10-12'), 'jivern', DATE('2006-10-12'), 'screening_task_modify_user', DATE('2006-10-12'));
insert into screening_task(screening_task_id, upload_id, screening_status_id, screener_id, start_timestamp, create_user, create_date, modify_user, modify_date) values(100075, 55, 4, 81, DATE('2006-10-12'), 'jivern', DATE('2006-10-12'), 'screening_task_modify_user', DATE('2006-10-12'));
insert into screening_task(screening_task_id, upload_id, screening_status_id, screener_id, start_timestamp, create_user, create_date, modify_user, modify_date) values(100076, 56, 5, 81, DATE('2006-10-12'), 'jivern', DATE('2006-10-12'), 'screening_task_modify_user', DATE('2006-10-12'));
insert into screening_task(screening_task_id, upload_id, screening_status_id, screener_id, start_timestamp, create_user, create_date, modify_user, modify_date) values(100077, 57, 5, 81, DATE('2006-10-12'), 'jivern', DATE('2006-10-12'), 'screening_task_modify_user', DATE('2006-10-12'));
insert into screening_task(screening_task_id, upload_id, screening_status_id, screener_id, start_timestamp, create_user, create_date, modify_user, modify_date) values(100078, 58, 2, 82, DATE('2006-10-12'), 'jivern', DATE('2006-10-12'), 'screening_task_modify_user', DATE('2006-10-12'));
insert into screening_task(screening_task_id, upload_id, screening_status_id, screener_id, start_timestamp, create_user, create_date, modify_user, modify_date) values(100079, 59, 2, 82, DATE('2006-10-12'), 'jivern', DATE('2006-10-12'), 'screening_task_modify_user', DATE('2006-10-12'));
insert into response_severity_lu(response_severity_id, name, description, create_user, create_date, modify_user, modify_date) values(91, 'topcoder', 'description', 'tc', DATE('2006-10-12'), 'qiucx0161', DATE('2006-10-12'));
insert into response_severity_lu(response_severity_id, name, description, create_user, create_date, modify_user, modify_date) values(92, 'topcoder', 'description', 'tc', DATE('2006-10-12'), 'qiucx0161', DATE('2006-10-12'));
insert into response_severity_lu(response_severity_id, name, description, create_user, create_date, modify_user, modify_date) values(93, 'topcoder', 'description', 'tc', DATE('2006-10-12'), 'qiucx0161', DATE('2006-10-12'));
insert into response_severity_lu(response_severity_id, name, description, create_user, create_date, modify_user, modify_date) values(94, 'topcoder', 'description', 'tc', DATE('2006-10-12'), 'qiucx0161', DATE('2006-10-12'));
insert into response_severity_lu(response_severity_id, name, description, create_user, create_date, modify_user, modify_date) values(95, 'topcoder', 'description', 'tc', DATE('2006-10-12'), 'qiucx0161', DATE('2006-10-12'));
insert into screening_response_lu(screening_response_id, response_severity_id, response_code, response_text, create_user, create_date, modify_user, modify_date) values(101, 91, 'code', 'text', 'ivern', DATE('2006-10-12'), 'qiucx0161', DATE('2006-10-12'));
insert into screening_response_lu(screening_response_id, response_severity_id, response_code, response_text, create_user, create_date, modify_user, modify_date) values(102, 92, 'code', 'text', 'ivern', DATE('2006-10-12'), 'qiucx0161', DATE('2006-10-12'));
insert into screening_response_lu(screening_response_id, response_severity_id, response_code, response_text, create_user, create_date, modify_user, modify_date) values(103, 93, 'code', 'text', 'ivern', DATE('2006-10-12'), 'qiucx0161', DATE('2006-10-12'));
insert into screening_response_lu(screening_response_id, response_severity_id, response_code, response_text, create_user, create_date, modify_user, modify_date) values(104, 94, 'code', 'text', 'ivern', DATE('2006-10-12'), 'qiucx0161', DATE('2006-10-12'));
insert into screening_response_lu(screening_response_id, response_severity_id, response_code, response_text, create_user, create_date, modify_user, modify_date) values(105, 95, 'code', 'text', 'ivern', DATE('2006-10-12'), 'qiucx0161', DATE('2006-10-12'));
insert into screening_result(screening_result_id, screening_task_id, screening_response_id, dynamic_response_text, create_user, create_date, modify_user, modify_date) values(111, 100071, 101, 'dynamic_response_text', 'ivern', DATE('2006-10-12'), 'qiucx0161', DATE('2006-10-12'));
insert into screening_result(screening_result_id, screening_task_id, screening_response_id, dynamic_response_text, create_user, create_date, modify_user, modify_date) values(112, 100071, 102, 'dynamic_response_text', 'ivern', DATE('2006-10-12'), 'qiucx0161', DATE('2006-10-12'));
insert into screening_result(screening_result_id, screening_task_id, screening_response_id, dynamic_response_text, create_user, create_date, modify_user, modify_date) values(113, 100071, 103, 'dynamic_response_text', 'ivern', DATE('2006-10-12'), 'qiucx0161', DATE('2006-10-12'));
insert into screening_result(screening_result_id, screening_task_id, screening_response_id, dynamic_response_text, create_user, create_date, modify_user, modify_date) values(114, 100071, 104, 'dynamic_response_text', 'ivern', DATE('2006-10-12'), 'qiucx0161', DATE('2006-10-12'));
insert into screening_result(screening_result_id, screening_task_id, screening_response_id, dynamic_response_text, create_user, create_date, modify_user, modify_date) values(115, 100071, 105, 'dynamic_response_text', 'ivern', DATE('2006-10-12'), 'qiucx0161', DATE('2006-10-12'));
INSERT INTO user (user_id, handle, first_name, last_name, status) VALUES (123, 'dev1', 'first1', 'last10', 'OK');
INSERT INTO email (email_id, user_id, address, primary_ind) VALUES (1, 123, 'dev1@topcoder.com', 1);