insert into company(company_id, name, passcode, creation_date, creation_user, modification_date, modification_user) values (1, 'company1', 'passcode1', '2005-01-01 12:00:00', 'creation_user', '2005-01-01 12:00:00', 'modification_user')
insert into company(company_id, name, passcode, creation_date, creation_user, modification_date, modification_user) values (2, 'company2', 'passcode2', '2005-01-01 12:00:00', 'creation_user', '2005-01-01 12:00:00', 'modification_user')
insert into company(company_id, name, passcode, creation_date, creation_user, modification_date, modification_user) values (3, 'company3', 'passcode3', '2005-01-01 12:00:00', 'creation_user', '2005-01-01 12:00:00', 'modification_user')
insert into company(company_id, name, passcode, creation_date, creation_user, modification_date, modification_user) values (4, 'company4', 'passcode4', '2005-01-01 12:00:00', 'creation_user', '2005-01-01 12:00:00', 'modification_user')
insert into company(company_id, name, passcode, creation_date, creation_user, modification_date, modification_user) values (5, 'company5', 'passcode5', '2005-01-01 12:00:00', 'creation_user', '2005-01-01 12:00:00', 'modification_user')
insert into company(company_id, name, passcode, creation_date, creation_user, modification_date, modification_user) values (6, 'company6', 'passcode6', '2005-01-01 12:00:00', 'creation_user', '2005-01-01 12:00:00', 'modification_user')
insert into company(company_id, name, passcode, creation_date, creation_user, modification_date, modification_user) values (7, 'company7', 'passcode7', '2005-01-01 12:00:00', 'creation_user', '2005-01-01 12:00:00', 'modification_user')

insert into project(project_id, name, company_id, description, start_date, end_date, creation_date, creation_user, modification_date, modification_user) values (1, 'project1', 1, 'description', '2005-01-01 12:00:00', '2005-01-01 12:00:00', '2005-01-01 12:00:00', 'creation_user', '2005-01-01 12:00:00', 'modification_user')
insert into project(project_id, name, company_id, description, start_date, end_date, creation_date, creation_user, modification_date, modification_user) values (2, 'project2', 2, 'description', '2005-01-01 12:00:00', '2005-01-01 12:00:00', '2005-01-01 12:00:00', 'creation_user', '2005-01-01 12:00:00', 'modification_user')
insert into project(project_id, name, company_id, description, start_date, end_date, creation_date, creation_user, modification_date, modification_user) values (3, 'project3', 3, 'description', '2005-01-01 12:00:00', '2005-01-01 12:00:00', '2005-01-01 12:00:00', 'creation_user', '2005-01-01 12:00:00', 'modification_user')
insert into project(project_id, name, company_id, description, start_date, end_date, creation_date, creation_user, modification_date, modification_user) values (4, 'project4', 4, 'description', '2005-01-01 12:00:00', '2005-01-01 12:00:00', '2005-01-01 12:00:00', 'creation_user', '2005-01-01 12:00:00', 'modification_user')
insert into project(project_id, name, company_id, description, start_date, end_date, creation_date, creation_user, modification_date, modification_user) values (5, 'project5', 5, 'description', '2005-01-01 12:00:00', '2005-01-01 12:00:00', '2005-01-01 12:00:00', 'creation_user', '2005-01-01 12:00:00', 'modification_user')
insert into project(project_id, name, company_id, description, start_date, end_date, creation_date, creation_user, modification_date, modification_user) values (6, 'project6', 6, 'description', '2005-01-01 12:00:00', '2005-01-01 12:00:00', '2005-01-01 12:00:00', 'creation_user', '2005-01-01 12:00:00', 'modification_user')
insert into project(project_id, name, company_id, description, start_date, end_date, creation_date, creation_user, modification_date, modification_user) values (7, 'project7', 7, 'description', '2005-01-01 12:00:00', '2005-01-01 12:00:00', '2005-01-01 12:00:00', 'creation_user', '2005-01-01 12:00:00', 'modification_user')

insert into client(client_id, name, company_id, creation_date, creation_user, modification_date, modification_user) values (1, 'client1', 1, '2005-01-01 12:00:00', 'creation_user', '2005-01-01 12:00:00', 'modification_user')
insert into client(client_id, name, company_id, creation_date, creation_user, modification_date, modification_user) values (2, 'client2', 2, '2005-01-01 12:00:00', 'creation_user', '2005-01-01 12:00:00', 'modification_user')
insert into client(client_id, name, company_id, creation_date, creation_user, modification_date, modification_user) values (3, 'client3', 3, '2005-01-01 12:00:00', 'creation_user', '2005-01-01 12:00:00', 'modification_user')
insert into client(client_id, name, company_id, creation_date, creation_user, modification_date, modification_user) values (4, 'client4', 4, '2005-01-01 12:00:00', 'creation_user', '2005-01-01 12:00:00', 'modification_user')
insert into client(client_id, name, company_id, creation_date, creation_user, modification_date, modification_user) values (5, 'client5', 5, '2005-01-01 12:00:00', 'creation_user', '2005-01-01 12:00:00', 'modification_user')
insert into client(client_id, name, company_id, creation_date, creation_user, modification_date, modification_user) values (6, 'client6', 6, '2005-01-01 12:00:00', 'creation_user', '2005-01-01 12:00:00', 'modification_user')
insert into client(client_id, name, company_id, creation_date, creation_user, modification_date, modification_user) values (7, 'client7', 7, '2005-01-01 12:00:00', 'creation_user', '2005-01-01 12:00:00', 'modification_user')

insert into application_area(app_area_id, description, creation_date, creation_user, modification_date, modification_user) values (1, 'des', '2005-01-01 12:00:00', 'creation_user', '2005-01-01 12:00:00', 'modification_user')
insert into application_area(app_area_id, description, creation_date, creation_user, modification_date, modification_user) values (2, 'des', '2005-01-01 12:00:00', 'creation_user', '2005-01-01 12:00:00', 'modification_user')
insert into application_area(app_area_id, description, creation_date, creation_user, modification_date, modification_user) values (3, 'des', '2005-01-01 12:00:00', 'creation_user', '2005-01-01 12:00:00', 'modification_user')
insert into application_area(app_area_id, description, creation_date, creation_user, modification_date, modification_user) values (4, 'des', '2005-01-01 12:00:00', 'creation_user', '2005-01-01 12:00:00', 'modification_user')
insert into application_area(app_area_id, description, creation_date, creation_user, modification_date, modification_user) values (5, 'des', '2005-01-01 12:00:00', 'creation_user', '2005-01-01 12:00:00', 'modification_user')
insert into application_area(app_area_id, description, creation_date, creation_user, modification_date, modification_user) values (6, 'des', '2005-01-01 12:00:00', 'creation_user', '2005-01-01 12:00:00', 'modification_user')
insert into application_area(app_area_id, description, creation_date, creation_user, modification_date, modification_user) values (7, 'des', '2005-01-01 12:00:00', 'creation_user', '2005-01-01 12:00:00', 'modification_user')
insert into application_area(app_area_id, description, creation_date, creation_user, modification_date, modification_user) values (8, 'des', '2005-01-01 12:00:00', 'creation_user', '2005-01-01 12:00:00', 'modification_user')
insert into application_area(app_area_id, description, creation_date, creation_user, modification_date, modification_user) values (9, 'des', '2005-01-01 12:00:00', 'creation_user', '2005-01-01 12:00:00', 'modification_user')
insert into application_area(app_area_id, description, creation_date, creation_user, modification_date, modification_user) values (10, 'des', '2005-01-01 12:00:00', 'creation_user', '2005-01-01 12:00:00', 'modification_user')

insert into account_status(account_status_id, description, creation_date, creation_user, modification_date, modification_user) values (1, 'description1', '2005-01-01 12:00:00', 'creation_user', '2005-01-01 12:00:00', 'modification_user')

insert into user_account(user_account_id, company_id, account_status_id, user_name, password, creation_date, creation_user, modification_date, modification_user) values (6, 1, 1, 'account6', 'password6', '2005-01-01 12:00:00', 'creation_user', '2005-01-01 12:00:00', 'modification_user')
