<project name="Dependency Import" default="dist" basedir=".">
    <!-- Properties used in compile_targets ANT target -->
    <property name="component.target" value="1.5"/>
    <property name="component.bootclasspath" value="${java_1_5_bootclasspath}"/>
    
    <!-- property file defining the component's dependencies -->

    <!-- define TCS dependencies -->
    
    <!-- define 3rd party dependencies -->
    <property name="jboss_lib" value="${ext_libdir}/jboss-4.2.2.ga/server/all/lib"/>
    <property name="hibernate3.jar" value="${jboss_lib}/hibernate3.jar"/>
    <property name="antlr.jar" value="${jboss_lib}/antlr.jar"/>
    <property name="dom4j.jar" value="${jboss_lib}/dom4j.jar"/>
    <property name="commons-logging.jar" value="${jboss_lib}/commons-logging.jar"/>
    <property name="javassist.jar" value="${jboss_lib}/javassist.jar"/>
    <property name="cglib.jar" value="${jboss_lib}/cglib.jar"/>
    <property name="commons-collections.jar" value="${jboss_lib}/commons-collections.jar"/>
    <property name="jboss-common.jar" value="${jboss_lib}/jboss-common.jar"/>
    <property name="hibernate-annotations.jar" value="${jboss_lib}/hibernate-annotations.jar"/>
    <property name="ejb3-persistence.jar" value="${jboss_lib}/ejb3-persistence.jar"/>
    <property name="jboss-j2ee.jar" value="${jboss_lib}/jboss-j2ee.jar"/>
    <property name="jboss-transaction.jar" value="${jboss_lib}/jboss-transaction.jar"/>    
    <property name="hibernate-entitymanager.jar" value="${jboss_lib}/hibernate-entitymanager.jar"/> 
    
    <property name="ifxjdbc.jar" value="${ext_libdir}/informix/1.4.1/ifxjdbc.jar"/>
    <property name="junit.jar" value="${ext_libdir}/junit/3.8.2/junit.jar"/>
        
    <path id="component.tcs-dependencies">

    </path>
    <path id="component.3rdParty-dependencies">
        <pathelement location="${hibernate3.jar}"/>
        <pathelement location="${antlr.jar}"/>
        <pathelement location="${dom4j.jar}"/>
        <pathelement location="${commons-logging.jar}"/>
        <pathelement location="${javassist.jar}"/>
        <pathelement location="${cglib.jar}"/>
        <pathelement location="${commons-collections.jar}"/>
        <pathelement location="${jboss-common.jar}"/>
        <pathelement location="${hibernate-annotations.jar}"/>
        <pathelement location="${ejb3-persistence.jar}"/>
        <pathelement location="${jboss-j2ee.jar}"/>
        <pathelement location="${jboss-transaction.jar}"/>
        <pathelement location="${hibernate-entitymanager.jar}"/>
        <pathelement location="${ifxjdbc.jar}"/>
    </path>
    <path id="component.test.3rdParty-dependencies">
        <pathelement location="${junit.jar}"/>
    </path>

</project>
